"emtak","tegevusala"
"01","Taime- ja loomakasvatus, jahindus ja neid teenindavad tegevusalad"
"011","Üheaastaste põllukultuuride kasvatus"
"0111","Teravilja- (v.a riis), kaunvilja- ja õlitaimeseemnete kasvatus"
"01111","Teravilja- (v.a riis) ja kaunviljakasvatus; õlitaimeseemnete kasvatus"
"0112","Riisikasvatus"
"01121","Riisikasvatus"
"0113","Köögivilja- ja melonikasvatus, juurvilja- ja mugulviljakasvatus"
"01131","Köögivilja- (sh kõrvitsaliste), juurvilja- ja mugulviljakasvatus, k.a seenekasvatus"
"0114","Suhkrurookasvatus"
"01141","Suhkrurookasvatus (v.a suhkrupeet)"
"0115","Tubakakasvatus"
"01151","Tubakakasvatus"
"0116","Kiutaimekasvatus"
"01161","Kiutaimekasvatus"
"0119","Muude üheaastaste põllukultuuride kasvatus"
"01191","Lillekasvatus"
"01199","Söödakultuuri- ja heintaimekasvatus jm üheaastaste põllukultuuride kasvatus"
"012","Mitmeaastaste taimede kasvatus"
"0121","Viinamarjakasvatus"
"01211","Viinamarjakasvatus"
"0122","Troopiliste ja subtroopiliste viljade kasvatus"
"01221","Troopiliste ja subtroopiliste viljade kasvatus"
"0123","Tsitruseliste kasvatus"
"01231","Tsitruseliste kasvatus"
"0124","Õun- ja luuviljaliste puuviljade kasvatus"
"01241","Õun- ja luuviljaliste puuviljade kasvatus"
"0125","Muu puuvilja-, marja- ning pähklikasvatus"
"01251","Muu puuvilja-, marja- ning pähklikasvatus"
"0126","Õlitaimekasvatus"
"01261","Õlitaimekasvatus"
"0127","Joogitaimekasvatus"
"01271","Joogitaimekasvatus"
"0128","Vürtsi-, maitse-, uimastavate taimede ja ravimtaimede kasvatus"
"01281","Vürtsi-, maitse-, uimastavate taimede ja ravimtaimede kasvatus"
"0129","Muude mitmeaastaste taimede kasvatus"
"01291","Muude mitmeaastaste taimede kasvatus"
"013","Taimede paljundamine"
"0130","Taimede paljundamine"
"01301","Taimede paljundamine"
"014","Loomakasvatus"
"0141","Piimakarjakasvatus"
"01411","Piimakarjakasvatus"
"0142","Muu veislaste ja pühvlikasvatus"
"01421","Muu veise- ja pühvlikasvatus"
"0143","Hobusekasvatus ja muude hobuslaste kasvatus"
"01431","Hobusekasvatus ja muude hobuslaste kasvatus"
"0144","Kaamelikasvatus"
"01441","Kaamelikasvatus"
"0145","Lamba- ja kitsekasvatus"
"01451","Lamba- ja kitsekasvatus"
"0146","Seakasvatus"
"01461","Seakasvatus"
"0147","Kodulinnukasvatus"
"01471","Kodulinnukasvatus"
"0149","Muu loomakasvatus"
"01491","Mesindus"
"01499","Muu loomakasvatus"
"015","Segapõllumajandus"
"0150","Segapõllumajandus"
"01501","Segapõllumajandus"
"016","Põllumajandust abistavad tegevusalad ja saagikoristusjärgsed tegevused"
"0161","Taimekasvatuse abitegevused"
"01611","Taimekasvatuse abitegevused"
"0162","Loomakasvatuse abitegevused"
"01621","Loomakasvatuse abitegevused"
"0163","Saagikoristusjärgsed tegevused"
"01631","Saagikoristusjärgsed tegevused"
"0164","Seemnete töötlemine paljundamiseks"
"01641","Seemnete töötlemine paljundamiseks"
"017","Jahindus ja seda teenindavad tegevusalad"
"0170","Jahindus ja seda teenindavad tegevusalad"
"01701","Jahindus ja seda teenindavad tegevusalad"
"02","Metsamajandus ja metsavarumine"
"021","Metsakasvatus ja muud metsamajanduse tegevusalad"
"0210","Metsakasvatus ja muud metsamajanduse tegevusalad"
"02101","Metsakasvatus ja muud metsamajanduse tegevusalad"
"022","Metsavarumine"
"0220","Metsavarumine"
"02201","Metsavarumine"
"02202","Küttepuude tootmine"
"023","Looduslike materjalide kogumine, v.a puit"
"0230","Looduslike materjalide kogumine, v.a puit"
"02301","Looduslike materjalide kogumine, v.a puit"
"024","Metsamajandust abistavad tegevused"
"0240","Metsamajandust abistavad tegevused"
"02401","Metsamajandust abistavad tegevused"
"03","Kalapüük ja vesiviljelus"
"031","Kalapüük"
"0311","Merekalapüük"
"03111","Merekalapüük"
"0312","Mageveekalapüük"
"03121","Mageveekalapüük"
"032","Vesiviljelus"
"0321","Mere-vesiviljelus"
"03211","Mere-vesiviljelus"
"0322","Magevee-vesiviljelus"
"03221","Magevee-vesiviljelus"
"05","Kivi- ja pruunsöe kaevandamine"
"051","Kivisöe kaevandamine"
"0510","Kivisöe kaevandamine"
"05101","Kivisöe kaevandamine"
"052","Pruunsöe kaevandamine"
"0520","Pruunsöe kaevandamine"
"05201","Pruunsöe kaevandamine"
"06","Toornafta ja maagaasi tootmine"
"061","Toornafta tootmine"
"0610","Toornafta tootmine"
"06101","Põlevkivi kaevandamine ja toornafta tootmine"
"062","Maagaasi tootmine"
"0620","Maagaasi tootmine"
"06201","Maagaasi tootmine"
"07","Metallimaakide kaevandamine"
"071","Rauamaagi kaevandamine"
"0710","Rauamaagi kaevandamine"
"07101","Rauamaagi kaevandamine"
"072","Mitteraudmetallide maakide kaevandamine"
"0721","Uraani- ja tooriumimaagi kaevandamine"
"07211","Uraani- ja tooriumimaagi kaevandamine"
"0729","Muude mitteraudmetallide maakide kaevandamine"
"07291","Muude mitteraudmetallide maakide kaevandamine"
"08","Muu kaevandamine"
"081","Kivi, liiva ja savi kaevandamine"
"0811","Dekoratiiv- ja ehituskivi, lubjakivi, kipsi, kriidi ja kiltkivi kaevandamine"
"08111","Dekoratiiv- ja ehituskivi, lubjakivi, kipsi, kriidi ja kiltkivi kaevandamine"
"0812","Kruusa- ja liivakarjääride tegevus; savi ja kaoliini kaevandamine"
"08121","Kruusa- ja liivakarjääride tegevus; savi ja kaoliini kaevandamine"
"08122","Killustiku tootmine"
"089","Mujal liigitamata kaevandamine"
"0891","Kemikaalide ja mineraalväetiste toorme kaevandamine"
"08911","Kemikaalide ja mineraalväetiste toorme kaevandamine"
"0892","Turba tootmine"
"08921","Turba tootmine"
"0893","Soola kaevandamine"
"08931","Soola kaevandamine"
"0899","Muu mujal liigitamata kaevandamine"
"08991","Muu mujal liigitamata kaevandamine"
"09","Kaevandamist abistavad tegevusalad"
"091","Nafta ja maagaasi tootmist abistavad tegevusalad"
"0910","Nafta ja maagaasi tootmist abistavad tegevusalad"
"09101","Nafta ja maagaasi tootmist abistavad tegevusalad"
"099","Muud kaevandamist abistavad tegevusalad"
"0990","Muud kaevandamist abistavad tegevusalad"
"09901","Muud kaevandamist abistavad tegevusalad"
10,"Toiduainete tootmine"
101,"Liha töötlemine ja säilitamine ning lihatoodete tootmine"
1011,"Liha töötlemine ja säilitamine"
10111,"Liha töötlemine ja säilitamine, k.a tapamajade tegevus"
1012,"Linnuliha töötlemine ja säilitamine"
10121,"Linnuliha töötlemine ja säilitamine, k.a sulgede tootmine"
1013,"Liha- ja linnulihatoodete tootmine"
10131,"Liha- ja linnulihatoodete tootmine"
102,"Kala, vähilaadsete ja limuste töötlemine ja säilitamine"
1020,"Kala, vähilaadsete ja limuste töötlemine ja säilitamine"
10201,"Kala, vähilaadsete ja limuste töötlemine ja säilitamine"
103,"Puu- ja köögivilja töötlemine ja säilitamine"
1031,"Kartuli töötlemine ja säilitamine"
10311,"Kartuli töötlemine ja säilitamine"
1032,"Puu- ja köögiviljamahla tootmine"
10321,"Puu- ja köögiviljamahla tootmine"
1039,"Muu puu- ja köögivilja töötlemine ja säilitamine"
10391,"Muu puu- ja köögivilja töötlemine ja säilitamine"
104,"Taimse ja loomse õli ja rasva tootmine"
1041,"Õli ja rasva tootmine"
10411,"Õli ja rasva tootmine"
1042,"Margariini jms toidurasva tootmine"
10421,"Margariini jms toidurasva tootmine"
105,"Piimatoodete tootmine"
1051,"Piima töötlemine, piimatoodete ja juustu tootmine"
10511,"Värske piima töötlemine, rõõsa koore tootmine"
10512,"Juustu- ja kohupiimatootmine"
10519,"Muude piimatoodete tootmine, sh või tootmine"
1052,"Jäätisetootmine"
10521,"Jäätisetootmine"
106,"Jahu ja tangainete, tärklise ja tärklisetoodete tootmine"
1061,"Jahu ja tangainete tootmine"
10611,"Jahu ja tangainete tootmine, k.a jahvatamine"
1062,"Tärklise ja tärklisetoodete tootmine"
10621,"Tärklise ja tärklisetoodete tootmine"
107,"Pagari- ja makarontoodete tootmine"
1071,"Leivatootmine; säilitusaineteta pagaritoodete tootmine"
10711,"Leiva- ja saiatootmine; säilitusaineteta pagaritoodete tootmine"
1072,"Kuiviku- ja küpsisetootmine; säilitusainetega pagaritoodete tootmine"
10721,"Kuiviku- ja küpsisetootmine; säilitusainetega pagaritoodete tootmine"
1073,"Makaronide, nuudlite, kuskussi jms makarontoodete tootmine"
10731,"Makaronide, nuudlite, kuskussi jms makarontoodete tootmine"
108,"Muude toiduainete tootmine"
1081,"Suhkrutootmine"
10811,"Suhkrutootmine"
1082,"Kakao, šokolaadi ja suhkrukondiitritoodete tootmine"
10821,"Kakao, šokolaadi ja suhkrukondiitritoodete tootmine"
1083,"Tee ja kohvi töötlemine"
10831,"Tee ja kohvi töötlemine"
1084,"Maitseainete ja -kastmete tootmine"
10841,"Maitseainete ja -kastmete tootmine"
1085,"Valmistoitude tootmine"
10851,"Valmistoitude tootmine"
1086,"Homogeenitud toiduainete ja dieettoitude tootmine"
10861,"Homogeenitud toiduainete ja dieettoitude tootmine"
1089,"Mujal liigitamata toiduainete tootmine"
10891,"Mujal liigitamata toiduainete tootmine"
109,"Valmis loomasööda tootmine"
1091,"Valmissööda tootmine loomakasvatusele"
10911,"Valmissööda tootmine loomakasvatusele"
1092,"Lemmikloomade valmistoidu tootmine"
10921,"Lemmikloomade valmistoidu tootmine"
11,"Joogitootmine"
110,"Joogitootmine"
1101,"Kange alkoholi destilleerimine, rektifitseerimine ja segamine"
11011,"Kange alkoholi destilleerimine, rektifitseerimine ja segamine"
1102,"Viinamarjaveini tootmine"
11021,"Viinamarjaveini tootmine"
1103,"Siidri ja muu marja- ja puuviljaveini tootmine"
11031,"Siidri ja muu marja- ja puuviljaveini tootmine"
1104,"Muude destilleerimata kääritatud jookide tootmine"
11041,"Muude destilleerimata kääritatud jookide tootmine"
1105,"Õlletootmine"
11051,"Õlletootmine"
1106,"Linnasetootmine"
11061,"Linnasetootmine"
1107,"Alkoholivaba joogi tootmine; mineraalvee ja muu villitud vee tootmine"
11071,"Alkoholivaba joogi tootmine; mineraalvee ja muu villitud vee tootmine"
12,"Tubakatoodete tootmine"
120,"Tubakatoodete tootmine"
1200,"Tubakatoodete tootmine"
12001,"Tubakatoodete tootmine"
13,"Tekstiilitootmine"
131,"Tekstiilkiudude ettevalmistamine ja ketramine"
1310,"Tekstiilkiudude ettevalmistamine ja ketramine"
13101,"Tekstiilkiudude ettevalmistamine ja ketramine"
132,"Riidekudumine"
1320,"Riidekudumine"
13201,"Riidekudumine"
133,"Tekstiili viimistlemine"
1330,"Tekstiili viimistlemine"
13301,"Tekstiili viimistlemine"
139,"Muu tekstiilitootmine"
1391,"Silmkoe- ja heegelkanga (trikookanga) tootmine"
13911,"Silmkoe- ja heegelkanga (trikookanga) tootmine"
1392,"Valmis tekstiiltoodete tootmine, v.a rõivad"
13921,"Kodutekstiili tootmine, sh voodipesu, köögirätikud, kardinad, aknasisekatted jm eesriided"
13929,"Muude valmis tekstiiltoodete tootmine"
1393,"Vaipade ja vaipkatete tootmine"
13931,"Vaipade ja vaipkatete tootmine"
1394,"Nööri, köie ja võrgulina tootmine"
13941,"Nööri, köie ja võrgulina tootmine"
1395,"Lausriide ja lausriidest toodete tootmine, v.a rõivad"
13951,"Lausriide ja lausriidest toodete tootmine, v.a rõivad"
1396,"Tehnilise ja tööstusliku otstarbega tekstiilide tootmine"
13961,"Tehnilise ja tööstusliku otstarbega tekstiilide tootmine"
1399,"Mujal liigitamata tekstiilitootmine"
13991,"Mujal liigitamata tekstiilitootmine, sh kaunistusnööri-, tülli-, pitsi-, paela- ja tikanditootmine"
14,"Rõivatootmine"
141,"Rõivatootmine, v.a karusnahast rõivad"
1411,"Nahkrõivaste tootmine"
14111,"Nahkrõivaste tootmine"
1412,"Töörõivaste tootmine"
14121,"Töörõivaste tootmine"
1413,"Muude pealisrõivaste tootmine"
14131,"Muude pealisrõivaste tootmine, k.a rätsepatöö"
1414,"Alusrõivaste tootmine"
14141,"Alusrõivaste tootmine, sh t-särkide, päevasärkide, hommikumantlite, öösärkide jms tootmine"
1419,"Muude rõivaste ja rõivalisandite tootmine"
14191,"Peakatete valmistamine, k.a karusnahast"
14199,"Muude mujal liigitamata rõivaste ja rõivalisandite tootmine"
142,"Karusnahatoodete tootmine"
1420,"Karusnahatoodete tootmine"
14201,"Karusnahatoodete tootmine (v.a mütsid ja kindad)"
143,"Silmkoe- ja heegelrõivaste tootmine"
1431,"Suka- ja sokitootmine"
14311,"Suka- ja sokitootmine"
1439,"Muude silmkoe- ja heegelrõivaste tootmine"
14391,"Muude silmkoe- ja heegelrõivaste tootmine, nt pulloverid, kampsunid jms tooted"
15,"Nahatöötlemine ja nahktoodete tootmine"
151,"Nahatöötlemine ja -parkimine; kohvrite, käekottide, sadulsepatoodete ja rakmete tootmine; karusnaha töötlemine ja värvimine"
1511,"Nahatöötlemine ja -parkimine; karusnaha töötlemine ja värvimine"
15111,"Nahatöötlemine ja -parkimine; karusnaha töötlemine ja värvimine"
1512,"Kohvrite, käekottide, sadulsepatoodete, rakmete jms tootmine"
15121,"Kohvrite, käekottide jms kaupade tootmine"
15122,"Sadulsepatoodete tootmine (sadulad, hobuserakmed jm)"
15129,"Muude nahktoodete tootmine"
152,"Jalatsitootmine"
1520,"Jalatsitootmine"
15201,"Jalatsitootmine"
16,"Puidutöötlemine ning puit- ja korktoodete tootmine, v.a mööbel;"
161,"Puidu saagimine ja hööveldamine"
1610,"Puidu saagimine ja hööveldamine"
16101,"Saematerjali tootmine"
16102,"Puidukuivatus, puidu immutamine ja keemiline töötlus"
16109,"Muude puidutöötlemissaaduste tootmine, sh hakkepuit, puitvill jms"
162,"Puidust, korgist, õlest ja punumismaterjalist toodete tootmine"
1621,"Spooni ja puitplaatide tootmine"
16211,"Spooni ja vineeri tootmine"
16212,"Puitlaast- ja puitkiudplaadi tootmine"
16219,"Muude puitplaatide tootmine"
1622,"Kilpparketi tootmine"
16221,"Kilpparketi tootmine"
1623,"Ehituspuusepa- ja tisleritoodete tootmine"
16231,"Puidust uste, akende, aknaluukide ja nende raamide tootmine (k.a väravad)"
16232,"Kokkupandavate puitehitiste (saunad, suvilad, majad) ja nende elementide tootmine"
16239,"Muude ehituspuusepa- ja tisleritoodete tootmine"
1624,"Puittaara tootmine"
16241,"Puittaara tootmine"
1629,"Muude puittoodete tootmine; korgist, õlest ja punumismaterjalist toodete tootmine"
16291,"Puidust tarbe- ja dekoratiivesemete jm puittoodete tootmine"
16292,"Korgist, õlest ja punumismaterjalist toodete tootmine"
17,"Paberi ja pabertoodete tootmine"
171,"Paberimassi, paberi ja papi tootmine"
1711,"Paberimassi tootmine"
17111,"Paberimassi tootmine"
1712,"Paberi- ja papitootmine"
17121,"Paberi- ja papitootmine"
172,"Paber- ja papptoodete tootmine"
1721,"Lainepaberi ja -papi ning paber- ja papptaara tootmine"
17211,"Lainepaberi ja -papi ning paber- ja papptaara tootmine"
1722,"Paberist kodu- ja hügieenitarvete ning tualettpaberi tootmine"
17221,"Paberist kodu- ja hügieenitarvete, k.a tekstiilvati ja vatist toodete tootmine"
1723,"Paberist kirjatarvete tootmine"
17231,"Paberist kirjatarvete tootmine"
1724,"Tapeeditootmine"
17241,"Tapeeditootmine"
1729,"Muude paber- ja papptoodete tootmine"
17291,"Muude paber- ja papptoodete tootmine"
18,"Trükindus ja salvestiste paljundus"
181,"Trükindus ja selle sidusalad"
1811,"Ajalehtede trükkimine"
18111,"Ajalehtede trükkimine"
1812,"Muu trükkimine"
18121,"Raamatute trükkimine"
18122,"Perioodikaväljaannete, ärikataloogide, reklaammaterjalide, äriblankettide jm kontoritarvete trükkimine"
18129,"Mujal liigitamata trükkimine, k.a siiditrükk"
1813,"Trükieelne tegevus"
18131,"Trükieelne tegevus"
1814,"Köitmine ja selle sidusalad"
18141,"Köitmine ja selle sidusalad"
182,"Salvestiste paljundus"
1820,"Salvestiste paljundus"
18201,"Salvestiste paljundus"
19,"Koksi ja puhastatud naftatoodete tootmine"
191,"Koksitootmine"
1910,"Koksitootmine"
19101,"Koksitootmine"
192,"Puhastatud naftatoodete tootmine"
1920,"Puhastatud naftatoodete tootmine"
19201,"Puhastatud naftatoodete tootmine"
20,"Kemikaalide ja keemiatoodete tootmine"
201,"Põhikemikaalide, väetise ja lämmastikuühendite tootmine; plasti ja sünteeskautšuki"
2011,"Tööstusgaaside tootmine"
20111,"Tööstusgaaside tootmine"
2012,"Värvainete ja pigmentide tootmine"
20121,"Värvainete ja pigmentide tootmine"
2013,"Muude anorgaaniliste põhikemikaalide tootmine"
20131,"Muude anorgaaniliste põhikemikaalide tootmine"
2014,"Muude orgaaniliste põhikemikaalide tootmine"
20141,"Muude orgaaniliste põhikemikaalide tootmine"
2015,"Väetiste ja lämmastikuühendite tootmine"
20151,"Väetiste ja lämmastikuühendite tootmine"
2016,"Plasti tootmine algkujul"
20161,"Plasti tootmine algkujul"
2017,"Sünteeskautšuki (toorkummi) tootmine algkujul"
20171,"Sünteeskautšuki (toorkummi) tootmine algkujul"
202,"Taimekaitsevahendite ja muude agrokeemiatoodete tootmine"
2020,"Taimekaitsevahendite ja muude agrokeemiatoodete tootmine"
20201,"Taimekaitsevahendite ja muude agrokeemiatoodete tootmine"
203,"Värvide, lakkide ja muude viimistlusvahendite ning trükivärvide ja mastiksite tootmine"
2030,"Värvide, lakkide ja muude viimistlusvahendite ning trükivärvide ja mastiksite tootmine"
20301,"Värvide, lakkide ja muude viimistlusvahendite ning trükivärvide ja mastiksite tootmine"
204,"Seebi, pesemis-, puhastus- ja poleervahendite, parfüümide ja tualetitarvete tootmine"
2041,"Seebi, pesemis-, puhastus- ja poleervahendite tootmine"
20411,"Seebi, pesemis-, puhastus- ja poleervahendite tootmine"
2042,"Parfüümide ja tualetitarvete tootmine"
20421,"Parfüümide ja tualetitarvete tootmine"
205,"Muude keemiatoodete tootmine"
2051,"Lõhkeaine tootmine"
20511,"Lõhkeaine tootmine"
20512,"Tikutootmine"
2052,"Liimitootmine"
20521,"Liimitootmine"
2053,"Eeterlike õlide tootmine"
20531,"Eeterlike õlide tootmine"
2059,"Mujal liigitamata keemiatoodete tootmine"
20591,"Mujal liigitamata keemiatoodete tootmine"
206,"Keemilise kiu tootmine"
2060,"Keemilise kiu tootmine"
20601,"Keemilise kiu tootmine"
21,"Põhifarmaatsiatoodete ja ravimpreparaatide tootmine"
211,"Põhifarmaatsiatoodete tootmine"
2110,"Põhifarmaatsiatoodete tootmine"
21101,"Põhifarmaatsiatoodete tootmine"
212,"Ravimpreparaatide tootmine"
2120,"Ravimpreparaatide tootmine"
21201,"Ravimpreparaatide tootmine"
22,"Kummi- ja plasttoodete tootmine"
221,"Kummitoodete tootmine"
2211,"Kummirehvide ja sisekummide tootmine; kummirehvide protekteerimine ja taastamine"
22111,"Kummirehvide ja sisekummide tootmine; kummirehvide protekteerimine ja taastamine"
2219,"Muude kummitoodete tootmine"
22191,"Kummiplaatide, -lehtede, -torude, -voolikute jms tootmine"
22199,"Mujal liigitamata kummitoodete tootmine"
222,"Plasttoodete tootmine"
2221,"Plastplaatide, -lehtede, -torude ja -profiilide tootmine"
22211,"Plastplaatide, -lehtede, -profiilide, -torude, -voolikute, -liitmike jms toodete tootmine"
2222,"Plasttaara tootmine"
22221,"Plasttaara tootmine"
2223,"Plastist ehitustoodete tootmine"
22231,"Plastist sanitaarseadmete tootmine (vannid, kraanikausid jne)"
22232,"Plastuste, -akende, -vaheseinte jms tootmine"
22239,"Muude plastist ehitustoodete tootmine"
2229,"Muude plasttoodete tootmine"
22291,"Muude plasttoodete tootmine"
23,"Muude mittemetalsetest mineraalidest toodete tootmine"
231,"Klaasi ja klaastoodete tootmine"
2311,"Lehtklaasi tootmine"
23111,"Lehtklaasi tootmine"
2312,"Lehtklaasi vormimine ja töötlemine"
23121,"Lehtklaasi vormimine ja töötlemine"
2313,"Klaasanumate tootmine"
23131,"Klaasnõude jm sisekujunduses kasutatavate klaasesemete tootmine"
23132,"Klaastaara tootmine"
2314,"Klaaskiutootmine"
23141,"Klaaskiutootmine"
2319,"Muu klaasi tootmine ja töötlemine, sh tehniline klaas"
23191,"Klaaspaketi jm klaasist ehitusmaterjali tootmine"
23199,"Muude klaastoodete ja tehnilise klaasi tootmine"
232,"Tulekindlate toodete tootmine"
2320,"Tulekindlate toodete tootmine"
23201,"Tulekindlate toodete tootmine"
233,"Savist ehitusmaterjalide tootmine"
2331,"Keraamiliste kivide ja plaatide tootmine"
23311,"Keraamiliste kivide ja plaatide tootmine"
2332,"Põletatud savist telliste, kivide ja muude ehitustoodete tootmine"
23321,"Põletatud savist telliste, kivide ja muude ehitustoodete tootmine"
234,"Muude portselan- ja keraamikatoodete tootmine"
2341,"Kodu- ja ehiskeraamika tootmine"
23411,"Kodu- ja ehiskeraamika tootmine"
2342,"Keraamiliste sanitaarseadmete tootmine"
23421,"Keraamiliste sanitaarseadmete tootmine"
2343,"Keraamiliste isolaatorite ja isolatsioonielementide tootmine"
23431,"Keraamiliste isolaatorite ja isolatsioonielementide tootmine"
2344,"Muu tehnilise keraamika tootmine"
23441,"Muu tehnilise keraamika tootmine"
2349,"Muu keraamika tootmine"
23491,"Muu keraamika tootmine"
235,"Tsemendi-, lubja- ja kipsitootmine"
2351,"Tsemenditootmine"
23511,"Tsemenditootmine"
2352,"Lubja- ja kipsitootmine"
23521,"Lubja- ja kipsitootmine"
236,"Betoon-, tsement- ja kipstoodete tootmine"
2361,"Betoonist ehitustoodete tootmine"
23611,"Kokkupandavate betoonehitiste ja nende elementide tootmine"
23619,"Betoonist muude ehitustoodete tootmine"
2362,"Kipsist ehitustoodete tootmine"
23621,"Kipsist ehitustoodete tootmine"
2363,"Valmis betoonisegu tootmine"
23631,"Valmis betoonisegu tootmine"
2364,"Mörditootmine"
23641,"Mörditootmine"
2365,"Kiudtsemendi tootmine"
23651,"Kiudtsemendi tootmine"
2369,"Muude betoon-, kips- ja tsementtoodete tootmine"
23691,"Muude betoon-, kips- ja tsementtoodete tootmine"
237,"Kivilõikamine, -vormimine ja -viimistlus"
2370,"Kivilõikamine, -vormimine ja -viimistlus"
23701,"Looduskivist hauakivide, -plaatide jms valmistamine"
23702,"Paekivist ja dolomiidist ehitusmaterjalide jm toodete tootmine"
23709,"Graniidist, marmorist jm looduslikust kivist toodete tootmine"
239,"Mujal liigitamata abrasiivtoodete ja mittemetalsetest mineraalidest toodete tootmine"
2391,"Abrasiivtoodete tootmine"
23911,"Abrasiivtoodete tootmine"
2399,"Mujal liigitamata muude mittemetalsetest mineraalidest toodete tootmine"
23991,"Mujal liigitamata muude mittemetalsetest mineraalidest toodete tootmine"
24,"Metallitootmine"
241,"Raua, terase ja ferrosulamite tootmine"
2410,"Raua, terase ja ferrosulamite tootmine"
24101,"Raua, terase ja ferrosulamite tootmine"
242,"Terastorude, -õõnesprofiilide jms -toruliitmike tootmine"
2420,"Terastorude, -õõnesprofiilide jms -toruliitmike tootmine"
24201,"Terasest torude, õõnesprofiilide jms toruliitmike tootmine"
243,"Muude terase esmatöötlustoodete tootmine"
2431,"Külmtõmbamine lattideks"
24311,"Külmtõmbamine lattideks"
2432,"Külmvaltsimine kitsasteks ribadeks"
24321,"Külmvaltsimine kitsasteks ribadeks"
2433,"Külmvormimine ja -painutamine"
24331,"Külmvormimine ja -painutamine"
2434,"Traadi külmtõmbamine"
24341,"Traadi külmtõmbamine"
244,"Vääris- ja mitteraudmetallide tootmine"
2441,"Väärismetallitootmine"
24411,"Väärismetallitootmine"
2442,"Alumiiniumitootmine"
24421,"Alumiiniumitootmine"
2443,"Plii-, tsingi- ja tinatootmine"
24431,"Plii-, tsingi- ja tinatootmine"
2444,"Vasetootmine"
24441,"Vasetootmine"
2445,"Muude mitteraudmetallide tootmine"
24451,"Muude mitteraudmetallide tootmine"
2446,"Tuumkütuse töötlemine"
24461,"Tuumkütuse töötlemine"
245,"Metallivalu"
2451,"Malmivalu"
24511,"Malmivalu"
2452,"Terasevalu"
24521,"Terasevalu"
2453,"Kergmetallide valu"
24531,"Kergmetallide valu"
2454,"Muude mitteraudmetallide valu"
24541,"Muude mitteraudmetallide valu"
25,"Metalltoodete tootmine, v.a masinad ja seadmed"
251,"Metallkonstruktsioonide tootmine"
2511,"Metallkonstruktsioonide ja nende osade tootmine"
25111,"Kokkupandavate metallehitiste tootmine"
25119,"Muude metallkonstruktsioonide ja nende osade tootmine"
2512,"Metalluste ja -akende tootmine"
25121,"Metalluste ja -akende tootmine"
252,"Metallpaakide, -reservuaaride ja -mahutite tootmine"
2521,"Keskkütteradiaatorite ja -kuumaveekatelde tootmine"
25211,"Keskkütteradiaatorite ja keskkütte-kuumaveekatelde tootmine"
2529,"Muude metallpaakide, -reservuaaride ja -mahutite tootmine"
25291,"Muude metallpaakide, -reservuaaride ja -mahutite tootmine"
253,"Aurukatelde tootmine, v.a keskkütte-kuumaveekatlad"
2530,"Aurukatelde tootmine, v.a keskkütte-kuumaveekatlad"
25301,"Aurukatelde tootmine, v.a keskkütte-kuumaveekatlad"
254,"Relva- ja laskemoonatootmine"
2540,"Relva- ja laskemoonatootmine"
25401,"Relva- ja laskemoonatootmine"
255,"Metalli sepistamine, pressimine, stantsimine ja rullvaltsimine; pulbermetallurgia"
2550,"Metalli sepistamine, pressimine, stantsimine ja rullvaltsimine; pulbermetallurgia"
25501,"Metalli sepistamine, pressimine, stantsimine ja rullvaltsimine; pulbermetallurgia"
256,"Metallitöötlus ja metallpindade katmine; mehaaniline metallitöötlus"
2561,"Metallitöötlus ja metallpindade katmine"
25611,"Metallitöötlus ja metallpindade katmine"
2562,"Mehaaniline metallitöötlus"
25621,"Mehaaniline metallitöötlus"
257,"Lõike- ja tööriistade ning rauakaupade tootmine"
2571,"Lõike- ja söögiriistade tootmine"
25711,"Lõike- ja söögiriistade tootmine"
2572,"Lukkude ja hingede tootmine"
25721,"Lukkude ja hingede tootmine"
2573,"Tööriistade tootmine"
25731,"Valuvormide tootmine"
25739,"Muude tööriistade tootmine"
259,"Muude metalltoodete tootmine"
2591,"Terasvaatide jms mahutite tootmine"
25911,"Terasvaatide jms mahutite tootmine"
2592,"Kergmetalltaara tootmine"
25921,"Kergmetalltaara tootmine"
2593,"Traaditoodete, kettide ja vedrude tootmine"
25931,"Traaditoodete, kettide ja vedrude tootmine"
2594,"Kinnituselementide ja keermestatud toodete tootmine"
25941,"Kinnituselementide ja keermestatud toodete tootmine"
2599,"Mujal liigitamata metalltoodete tootmine"
25991,"Mujal liigitamata metalltoodete tootmine"
26,"Arvutite, elektroonika- ja optikaseadmete tootmine"
261,"Elektronkomponentide ja trükkplaatide tootmine"
2611,"Elektronkomponentide tootmine"
26111,"Elektronkomponentide tootmine"
2612,"Trükkplaatide tootmine"
26121,"Trükkplaatide tootmine"
262,"Arvutite ja arvuti välisseadmete tootmine"
2620,"Arvutite ja arvuti välisseadmete tootmine"
26201,"Arvutite ja arvuti välisseadmete tootmine"
263,"Sideseadmete tootmine"
2630,"Sideseadmete tootmine"
26301,"Sideseadmete tootmine"
264,"Tarbeelektroonika tootmine"
2640,"Tarbeelektroonika tootmine"
26401,"Tarbeelektroonika tootmine"
265,"Mõõte-, katse- ja navigatsiooniseadmete tootmine; ajanäitajate tootmine"
2651,"Mõõte-, katse- ja navigatsiooniseadmete tootmine"
26511,"Mõõte-, katse- ja navigatsiooniseadmete tootmine"
2652,"Ajanäitajate tootmine"
26521,"Ajanäitajate tootmine"
266,"Kiiritus-, elektromeditsiini- ja elektroteraapiaseadmete tootmine"
2660,"Kiiritus-, elektromeditsiini- ja elektroteraapiaseadmete tootmine"
26601,"Kiiritus-, elektromeditsiini- ja elektroteraapiaseadmete tootmine"
267,"Optikainstrumentide ja fotoseadmete tootmine"
2670,"Optikainstrumentide ja fotoseadmete tootmine"
26701,"Optikainstrumentide ja fotoseadmete tootmine"
268,"Magnet- ja optiliste andmekandjate tootmine"
2680,"Magnet- ja optiliste andmekandjate tootmine"
26801,"Magnet- ja optiliste andmekandjate tootmine"
27,"Elektriseadmete tootmine"
271,"Elektrimootorite, -generaatorite, trafode ja elektrijaotusseadmete ning juhtaparatuuri tootmine"
2711,"Elektrimootorite, -generaatorite ja trafode tootmine"
27111,"Elektrimootorite, -generaatorite ja trafode tootmine"
2712,"Elektrijaotusseadmete ja juhtaparatuuri tootmine"
27121,"Elektrijaotusseadmete ja juhtaparatuuri tootmine"
272,"Patareide ja akude tootmine"
2720,"Patareide ja akude tootmine"
27201,"Patareide ja akude tootmine"
273,"Juhtmestiku ja selle tarvikute tootmine"
2731,"Kiudoptilise kaabli tootmine"
27311,"Kiudoptilise kaabli tootmine"
2732,"Muu elektroonika ja elektrijuhtme või -kaabli tootmine"
27321,"Muu elektroonika ja elektrijuhtme või -kaabli tootmine"
2733,"Juhtmestiku tarvikute tootmine"
27331,"Juhtmestiku tarvikute tootmine"
274,"Elektriliste valgustusseadmete tootmine"
2740,"Elektriliste valgustusseadmete tootmine"
27401,"Elektriliste valgustusseadmete tootmine"
275,"Kodumasinate tootmine"
2751,"Elektriliste kodumasinate tootmine"
27511,"Elektriliste kodumasinate tootmine"
2752,"Mitteelektriliste kodumasinate tootmine"
27521,"Mitteelektriliste kodumasinate tootmine"
279,"Muude elektriseadmete tootmine"
2790,"Muude elektriseadmete tootmine"
27901,"Muude elektriseadmete tootmine"
28,"Mujal liigitamata masinate ja seadmete tootmine"
281,"Üldmasinate tootmine"
2811,"Mootorite ja turbiinide tootmine, v.a õhusõidukite, mootorsõidukite ja mootorrataste mootorid"
28111,"Mootorite ja turbiinide tootmine, v.a õhusõidukite, mootorsõidukite ja mootorrataste mootorid"
2812,"Hüdrauliliste ja pneumaatiliste jõuseadmete tootmine"
28121,"Hüdrauliliste ja pneumaatiliste jõuseadmete tootmine"
2813,"Muude pumpade ja kompressorite tootmine"
28131,"Muude pumpade ja kompressorite tootmine"
2814,"Muude kraanide ja ventiilide tootmine"
28141,"Muude kraanide ja ventiilide tootmine"
2815,"Laagrite, ajamite, hammasülekannete ja ülekandeelementide tootmine"
28151,"Laagrite, ajamite, hammasülekannete ja ülekandeelementide tootmine"
282,"Muude üldmasinate tootmine"
2821,"Ahjude, tööstusahjude ja ahjupõletite tootmine"
28211,"Ahjude, tööstusahjude ja ahjupõletite tootmine"
2822,"Tõste- ja teisaldusseadmete tootmine"
28221,"Tõste- ja teisaldusseadmete tootmine"
2823,"Kontorimasinate ja -seadmete tootmine, v.a arvutid ja arvuti välisseadmed"
28231,"Kontorimasinate ja -seadmete tootmine, v.a arvutid ja arvuti välisseadmed"
2824,"Ajamiga käsi-tööriistade tootmine"
28241,"Ajamiga käsi-tööriistade tootmine"
2825,"Tööstuslike külmutus- ja ventilatsiooniseadmete tootmine"
28251,"Tööstuslike külmutus- ja ventilatsiooniseadmete tootmine"
2829,"Mujal liigitamata üldmasinate ja mehhanismide tootmine"
28291,"Mujal liigitamata üldmasinate ja mehhanismide tootmine"
283,"Põllu- ja metsamajandusmasinate tootmine"
2830,"Põllu- ja metsamajandusmasinate tootmine"
28301,"Põllu- ja metsamajandusmasinate tootmine"
284,"Metallistantside ja muude tööpinkide tootmine"
2841,"Metallistantside tootmine"
28411,"Metallistantside tootmine"
2849,"Muude tööpinkide tootmine"
28491,"Muude tööpinkide tootmine"
289,"Muude erimasinate tootmine"
2891,"Metallurgiamasinate tootmine"
28911,"Metallurgiamasinate tootmine"
2892,"Kaevandus-, karjääri- ja ehitusmasinate tootmine"
28921,"Kaevandus-, karjääri- ja ehitusmasinate tootmine"
2893,"Toiduaine-, joogi- ja tubakatööstusmasinate tootmine"
28931,"Toiduaine-, joogi- ja tubakatööstusmasinate tootmine"
2894,"Tekstiili-, rõiva- ja nahatööstusmasinate tootmine"
28941,"Tekstiili-, rõiva- ja nahatööstusmasinate tootmine"
2895,"Paberi- ja papitööstusmasinate tootmine"
28951,"Paberi- ja papitööstusmasinate tootmine"
2896,"Plasti- ja kummitööstusmasinate tootmine"
28961,"Plasti- ja kummitööstusmasinate tootmine"
2899,"Mujal liigitamata erimasinate tootmine"
28991,"Mujal liigitamata erimasinate tootmine"
29,"Mootorsõidukite, haagiste ja poolhaagiste tootmine"
291,"Mootorsõidukite tootmine"
2910,"Mootorsõidukite tootmine"
29101,"Mootorsõidukite tootmine"
292,"Mootorsõidukikerede tootmine; haagiste ja poolhaagiste tootmine"
2920,"Mootorsõidukikerede tootmine; haagiste ja poolhaagiste tootmine"
29201,"Mootorsõidukikerede tootmine"
29202,"Haagiste, poolhaagiste ning konteinerite tootmine"
293,"Mootorsõidukite osade ja lisaseadmete tootmine"
2931,"Mootorsõidukite elektri- ja elektroonikaseadmete tootmine"
29311,"Mootorsõidukite elektri- ja elektroonikaseadmete tootmine"
2932,"Mootorsõidukite muude osade ja lisaseadmete tootmine"
29321,"Mootorsõidukite muude osade ja lisaseadmete tootmine"
30,"Muude transpordivahendite tootmine"
301,"Laeva- ja paadiehitus"
3011,"Laevade ja ujuvkonstruktsioonide ehitus"
30111,"Laevade ehitus"
30112,"Ujuvkonstruktsioonide ehitus"
3012,"Lõbusõidu- ja sportpaatide ehitus"
30121,"Lõbusõidu- ja sportpaatide ehitus"
302,"Raudteevedurite ja -veeremi tootmine"
3020,"Raudteevedurite ja -veeremi tootmine"
30201,"Raudteevedurite ja -veeremi tootmine"
303,"Õhu- ja kosmosesõidukite jms tootmine"
3030,"Õhu- ja kosmosesõidukite jms tootmine"
30301,"Õhu- ja kosmosesõidukite jms tootmine"
304,"Militaarveokite tootmine"
3040,"Militaarveokite tootmine"
30401,"Militaarveokite tootmine"
309,"Mujal liigitamata transpordivahendite tootmine"
3091,"Mootorrataste tootmine"
30911,"Mootorrataste tootmine"
3092,"Jalgrataste ja invasõidukite tootmine"
30921,"Jalgrataste ja invasõidukite tootmine"
3099,"Muude mujal liigitamata transpordivahendite tootmine"
30991,"Muude mujal liigitamata transpordivahendite tootmine"
31,"Mööblitootmine"
310,"Mööblitootmine"
3101,"Kontori- ja kauplusemööbli tootmine"
31011,"Kontori- ja kauplusemööbli tootmine"
3102,"Köögimööbli tootmine"
31021,"Köögimööbli tootmine"
3103,"Madratsitootmine"
31031,"Madratsitootmine"
3109,"Muu mööbli tootmine"
31091,"Mujal liigitamata mööbli tootmine"
31092,"Mööbliosade tootmine"
32,"Muu tootmine"
321,"Väärisesemete, ehete jms toodete tootmine"
3211,"Müntide vermimine"
32111,"Müntide vermimine"
3212,"Väärisesemete jms toodete tootmine"
32121,"Väärisesemete jms toodete tootmine"
3213,"Juveeltoodete imitatsioonide jms tootmine"
32131,"Juveeltoodete imitatsioonide jms tootmine"
322,"Muusikariistade tootmine"
3220,"Muusikariistade tootmine"
32201,"Muusikariistade tootmine"
323,"Sporditarvete tootmine"
3230,"Sporditarvete tootmine"
32301,"Sporditarvete tootmine"
324,"Mängude ja mänguasjade tootmine"
3240,"Mängude ja mänguasjade tootmine"
32401,"Mängude ja mänguasjade tootmine"
325,"Meditsiini- ja hambaraviinstrumentide ning materjalide tootmine"
3250,"Meditsiini- ja hambaraviinstrumentide ning materjalide tootmine"
32501,"Ortopeediliste abivahendite ja nende osade tootmine"
32502,"Prillide, läätsede ja nende osade tootmine"
32509,"Muu meditsiini- ja hambaraviinstrumentide ja materjalide tootmine"
329,"Mujal liigitamata tootmine"
3291,"Harja-, pintsli- ja luuatootmine"
32911,"Harja-, pintsli- ja luuatootmine"
3299,"Muu mujal liigitamata tootmine"
32991,"Muu mujal liigitamata tootmine"
33,"Masinate ja seadmete remont ja paigaldus"
331,"Metalltoodete, masinate ja seadmete remont"
3311,"Metalltoodete remont"
33111,"Metalltoodete remont"
3312,"Masinate ja seadmete remont"
33121,"Masinate ja seadmete remont"
3313,"Elektroonika- ja optikaseadmete remont"
33131,"Elektroonika- ja optikaseadmete remont"
3314,"Elektriseadmete remont"
33141,"Elektriseadmete remont"
3315,"Laevade ja paatide remont ja hooldus"
33151,"Laevade ja paatide remont ja hooldus"
3316,"Õhu- ja kosmosesõidukite remont ja hooldus"
33161,"Õhu- ja kosmosesõidukite remont ja hooldus"
3317,"Muude transpordivahendite remont ja hooldus"
33171,"Muude transpordivahendite remont ja hooldus"
3319,"Muude seadmete remont"
33191,"Muude seadmete remont"
332,"Tööstuslike masinate ja seadmete paigaldus"
3320,"Tööstuslike masinate ja seadmete paigaldus"
33201,"Tööstuslike masinate ja seadmete paigaldus"
35,"Elektrienergia, gaasi, auru ja konditsioneeritud õhuga varustamine"
351,"Elektrienergia tootmine, ülekanne ja jaotus"
3511,"Elektrienergia tootmine"
35111,"Elektrienergia tootmine mittetaastuvast energiaallikast"
35112,"Elektrienergia tootmine hüdroenergiast"
35113,"Elektrienergia tootmine tuuleenergiast"
35119,"Muu elektrienergia tootmine (sh biomassist)"
3512,"Elektrienergia ülekanne"
35121,"Elektrienergia ülekanne"
3513,"Elektrienergia jaotus"
35131,"Elektrienergia jaotus"
3514,"Elektrienergia müük"
35141,"Elektrienergia müük"
352,"Gaasitootmine; gaaskütuste jaotus magistraalvõrkude kaudu"
3521,"Gaasitootmine"
35211,"Gaasitootmine"
3522,"Gaaskütuste jaotus magistraalvõrkude kaudu"
35221,"Maagaasi ülekanne ja jaotus maagaasivõrgu kaudu"
3523,"Gaasimüük magistraalvõrkude kaudu"
35231,"Gaasimüük magistraalvõrkude kaudu"
353,"Auru ja konditsioneeritud õhuga varustamine"
3530,"Auru ja konditsioneeritud õhuga varustamine"
35301,"Auru ja konditsioneeritud õhuga varustamine"
36,"Veekogumine, -töötlus ja -varustus"
360,"Veekogumine, -töötlus ja -varustus"
3600,"Veekogumine, -töötlus ja -varustus"
36001,"Veekogumine, -töötlus ja -varustus"
37,"Kanalisatsioon"
370,"Kanalisatsioon"
3700,"Kanalisatsioon"
37001,"Kanalisatsioon ja heitveekäitlus"
38,"Jäätmekogumine, -töötlus ja -kõrvaldus; materjalide taaskasutusele võtmine"
381,"Jäätmekogumine"
3811,"Tavajäätmete kogumine"
38111,"Tavajäätmete kogumine"
3812,"Ohtlike jäätmete kogumine"
38121,"Ohtlike jäätmete kogumine"
382,"Jäätmetöötlus ja -kõrvaldus"
3821,"Tavajäätmete töötlus ja kõrvaldus"
38211,"Tavajäätmete töötlus ja kõrvaldus"
3822,"Ohtlike jäätmete töötlus ja kõrvaldus"
38221,"Ohtlike jäätmete töötlus ja kõrvaldus"
383,"Materjalide taaskasutusele võtmine"
3831,"Vrakkide demonteerimine"
38311,"Vrakkide demonteerimine"
3832,"Sorteeritud materjali taaskasutusele võtmine"
38321,"Sorteeritud materjali taaskasutusele võtmine"
39,"Saastekäitlus ja muud jäätmekäitlustegevused"
390,"Saastekäitlus ja muud jäätmekäitlustegevused"
3900,"Saastekäitlus ja muud jäätmekäitlustegevused"
39001,"Saastekäitlus ja muud jäätmekäitlustegevused"
41,"Hoonete ehitus"
411,"Hoonestusprojektide arendus"
4110,"Hoonestusprojektide arendus"
41101,"Hoonestusprojektide arendus"
412,"Elamute ja mitteeluhoonete ehitus"
4120,"Elamute ja mitteeluhoonete ehitus"
41201,"Elamute ja mitteeluhoonete ehitus"
42,"Rajatiste ehitus"
421,"Teede ja raudteede ehitus"
4211,"Teede ja kiirteede ehitus"
42111,"Teede ja kiirteede ehitus"
4212,"Raudteede ja metroo ehitus"
42121,"Raudteede ja metroo ehitus, hooldus ja remont"
4213,"Silla- ja tunneliehitus"
42131,"Silla- ja tunneliehitus"
422,"Tehnovõrgutrasside ehitus"
4221,"Vee-, gaasi- ja kanalisatsioonitrasside ehitus"
42211,"Vee-, gaasi- ja kanalisatsioonitrasside ehitus"
42212,"Kaevude puurimine"
4222,"Elektri- ja sidevõrkude ehitus"
42221,"Elektri- ja sidevõrkude ehitus"
429,"Muude rajatiste ehitus"
4291,"Vesiehitus"
42911,"Vesiehitus"
4299,"Mujal liigitamata rajatiste ehitus"
42991,"Mujal liigitamata rajatiste ehitus"
43,"Eriehitustööd"
431,"Lammutamine ja ehitusplatside ettevalmistus"
4311,"Lammutamine"
43111,"Lammutamine"
4312,"Ehitusplatside ettevalmistus"
43121,"Ehitusplatside ettevalmistus ja puhastus"
43122,"Maakuivendus- ja maaparandustööd, k.a metsa- ja põllumaade kuivendus"
43129,"Muud kaeve- ja mullatööd"
4313,"Kontrollpuurimine ja sondimine"
43131,"Kontrollpuurimine ja sondimine"
432,"Elektriinstallatsioon ja torustiku paigaldus jm ehituspaigaldustööd"
4321,"Elektriinstallatsioon"
43211,"Elektrijuhtmete ja -seadmete paigaldus"
43212,"Tulekahjualarmide, häire- ja valvesignalisatsiooni paigaldus"
43213,"Telekommunikatsioonikaablite ja antennide paigaldus"
4322,"Torustiku, kütte- ja kliimaseadmete paigaldus"
43221,"Kütte-, ventilatsiooni- ja kliimaseadmete paigaldus"
43222,"Veetorustiku ja sanitaarseadmete paigaldus"
4329,"Muud ehituspaigaldustööd"
43291,"Isolatsioonitööd"
43299,"Mujal liigitamata ehituspaigaldustööd"
433,"Ehitiste viimistlus ja lõpetamine"
4331,"Krohvimine"
43311,"Krohvimine"
4332,"Ehituspuusepatoodete paigaldus"
43321,"Mistahes materjalist akende, uste ja treppide paigaldus"
43329,"Muude ehituspuusepatoodete paigaldus"
4333,"Põranda- ja seinakatete paigaldus"
43331,"Põranda- ja seinakatete paigaldus"
4334,"Värvimine ja klaasimine"
43341,"Värvimine ja klaasimine"
4339,"Muu ehitiste viimistlus ja lõpetamine"
43391,"Muu ehitiste viimistlus ja lõpetamine"
439,"Muud eriehitustööd"
4391,"Katusetööd"
43911,"Katusetööd"
4399,"Muud mujal liigitamata eriehitustööd"
43991,"Vundamendi-, betooni- jm müüritööd"
43992,"Pottsepatööd. ahjude ja kaminate tegemine, k.a tööstuskorstnate ja -ahjude ladumine"
43993,"Tellingute ja tööplatvormide püstitus ja demonteerimine. ehitus- ja tõsteseadmete rentimine koos"
43999,"Muud eriehitustööd"
45,"Mootorsõidukite ja mootorrataste hulgi- ja jaemüük ning remont"
451,"Mootorsõidukite müük"
4511,"Sõiduautode ja väikebusside (täismassiga alla 3,5 t) müük"
45111,"Sõiduautode ja väikebusside (täismassiga alla 3,5 t) müük"
4519,"Muude mootorsõidukite müük"
45191,"Muude mootorsõidukite müük"
452,"Mootorsõidukite hooldus ja remont"
4520,"Mootorsõidukite hooldus ja remont"
45201,"Mootorsõidukite hooldus ja remont"
45202,"Autopesu jms teenindus"
453,"Mootorsõidukite osade ja lisaseadmete müük"
4531,"Mootorsõidukite osade ja lisaseadmete hulgimüük"
45311,"Mootorsõidukite osade ja lisaseadmete hulgimüük"
4532,"Mootorsõidukite osade ja lisaseadmete jaemüük"
45321,"Mootorsõidukite osade ja lisaseadmete jaemüük"
454,"Mootorrataste, nende osade ja lisaseadmete müük, hooldus ja remont"
4540,"Mootorrataste, nende osade ja lisaseadmete müük, hooldus ja remont"
45401,"Mootorrataste, nende osade ja lisaseadmete müük, hooldus ja remont"
46,"Hulgikaubandus, v.a mootorsõidukid ja mootorrattad"
461,"Hulgimüük vahendustasu või lepingute alusel"
4611,"Põllumajandustoorme, elusloomade, tekstiilitoorme ja pooltoodete vahendamine"
46111,"Põllumajandustoorme, elusloomade, tekstiilitoorme ja pooltoodete vahendamine"
4612,"Kütuse, maakide, metallide ja tööstuskemikaalide vahendamine"
46121,"Kütuse, maakide, metallide ja tööstuskemikaalide vahendamine"
4613,"Puidu ja ehitusmaterjalide vahendamine"
46131,"Puidu ja ehitusmaterjalide vahendamine"
4614,"Masinate, tööstusseadmete, laevade ja õhusõidukite vahendamine"
46141,"Masinate, tööstusseadmete, laevade ja õhusõidukite vahendamine"
4615,"Mööbli, kodutarvete ja rauakaupade vahendamine"
46151,"Mööbli, kodutarvete ja rauakaupade vahendamine"
4616,"Tekstiili, rõivaste, jalatsite ja nahktoodete vahendamine"
46161,"Tekstiili, rõivaste, jalatsite ja nahktoodete vahendamine"
4617,"Toidukaupade, jookide ja tubakatoodete vahendamine"
46171,"Toidukaupade, jookide ja tubakatoodete vahendamine"
4618,"Muude kindlate kaupade vahendamine"
46181,"Muude kindlate kaupade vahendamine"
4619,"Mitmesuguste erinevate kaupade vahendamine"
46191,"Mitmesuguste erinevate kaupade vahendamine"
462,"Põllumajandustoorme ja elusloomade hulgimüük"
4621,"Teravilja, töötlemata tubaka, seemnete ja loomasööda hulgimüük"
46211,"Teravilja, töötlemata tubaka, seemnete ja loomasööda hulgimüük"
4622,"Lillede ja taimede hulgimüük"
46221,"Lillede ja taimede hulgimüük"
4623,"Elusloomade hulgimüük"
46231,"Elusloomade hulgimüük"
4624,"Toor- ja parknaha hulgimüük"
46241,"Toor- ja parknaha hulgimüük"
463,"Toidukaupade, jookide ja tubakatoodete hulgimüük"
4631,"Puu- ja köögivilja hulgimüük"
46311,"Puu- ja köögivilja hulgimüük"
4632,"Liha ja lihatoodete hulgimüük"
46321,"Liha ja lihatoodete hulgimüük"
4633,"Piimatoodete, munade, toiduõli ja -rasva hulgimüük"
46331,"Piimatoodete, munade, toiduõli ja -rasva hulgimüük"
4634,"Jookide hulgimüük"
46341,"Alkoholjookide hulgimüük"
46342,"Muude jookide hulgimüük"
4635,"Tubakatoodete hulgimüük"
46351,"Tubakatoodete hulgimüük"
4636,"Suhkru, šokolaadi ja suhkrukondiitritoodete hulgimüük"
46361,"Suhkru, šokolaadi, kondiitri- ja pagaritoodete hulgimüük"
4637,"Kohvi, tee, kakao ja maitseainete hulgimüük"
46371,"Kohvi, tee, kakao ja maitseainete hulgimüük"
4638,"Muude toidukaupade hulgimüük, k.a kalad, vähilaadsed ja limused"
46381,"Kalade, vähilaadsete ja kalatoodete hulgimüük"
46389,"Mujal liigitamata toidukaupade hulgimüük"
4639,"Toidukaupade, jookide ja tubakatoodete spetsialiseerimata hulgimüük"
46391,"Toidukaupade, jookide ja tubakatoodete spetsialiseerimata hulgimüük"
464,"Kodutarvete hulgimüük"
4641,"Tekstiiltoodete hulgimüük"
46411,"Kangaste, kodutekstiili ja õmblustarvete hulgimüük"
4642,"Rõivaste ja jalatsite hulgimüük"
46421,"Rõivaste ja rõivalisandite hulgimüük"
46422,"Jalatsite hulgimüük"
4643,"Elektriliste kodumasinate hulgimüük"
46431,"Elektriliste kodumasinate hulgimüük"
4644,"Portselani ja klaastoodete ning puhastusvahendite hulgimüük"
46441,"Portselani ja klaastoodete hulgimüük"
46442,"Puhastusvahendite hulgimüük"
4645,"Parfüümide ja kosmeetika hulgimüük"
46451,"Parfüümide ja kosmeetika hulgimüük"
4646,"Farmaatsiatoodete hulgimüük"
46461,"Ravimite ja muude apteegikaupade hulgimüük"
46462,"Meditsiiniseadmete ja kirurgiriistade ning ortopeediliste abivahendite hulgimüük"
4647,"Mööbli, vaipade ja valgustite hulgimüük"
46471,"Mööbli, vaipade ja valgustite hulgimüük"
4648,"Kellade ja ehete hulgimüük"
46481,"Kellade ja ehete hulgimüük"
4649,"Muude kodutarvete hulgimüük"
46491,"Paberi, kirjatarvete, raamatute ja ajakirjandusväljaannete hulgimüük"
46492,"Spordikaupade hulgimüük (v.a spordirõivad ja -jalatsid)"
46493,"Mängude ja mänguasjade hulgimüük"
46499,"Mujal liigitamata kodutarvete hulgimüük"
465,"Info- ja sidetehnika hulgimüük"
4651,"Arvutite, arvuti välisseadmete ja tarkvara hulgimüük"
46511,"Arvutite, arvuti välisseadmete ja tarkvara hulgimüük"
4652,"Elektroonika- ja telekommunikatsiooniseadmete ning nende osade hulgimüük"
46521,"Elektroonika- ja telekommunikatsiooniseadmete ning nende osade hulgimüük"
466,"Muude masinate, seadmete ja lisaseadmete hulgimüük"
4661,"Põllumajandusmasinate, -seadmete ja lisaseadmete hulgimüük"
46611,"Põllumajandusmasinate, -seadmete ja lisaseadmete hulgimüük"
4662,"Tööpinkide hulgimüük"
46621,"Tööpinkide hulgimüük"
4663,"Kaevandus- ja ehitusmasinate hulgimüük"
46631,"Kaevandus- ja ehitusmasinate hulgimüük"
4664,"Tekstiilitööstus-, õmblus- ja kudumismasinate hulgimüük"
46641,"Tekstiilitööstus-, õmblus- ja kudumismasinate hulgimüük"
4665,"Kontorimööbli hulgimüük"
46651,"Kontorimööbli hulgimüük"
4666,"Muude kontorimasinate ja -seadmete hulgimüük"
46661,"Muude kontorimasinate ja -seadmete hulgimüük"
4669,"Muude masinate, seadmete ja lisaseadmete hulgimüük"
46691,"Tõste- ja teisaldusseadmete ja -masinate ning nende varuosade hulgimüük (k.a konteinerid)"
46692,"Elektrimaterjalide, -tarvikute ja -seadmete hulgimüük, sh kaablid"
46693,"Toiduainetööstus- ja kaubandusseadmete hulgimüük"
46699,"Muude üld- ja eriotstarbeliste masinate ja seadmete hulgimüük"
467,"Muu spetsialiseeritud hulgimüük"
4671,"Tahke-, vedel- ja gaaskütuse jms toodete hulgimüük"
46711,"Tahkekütuse hulgimüük"
46712,"Mootorikütuse hulgimüük"
46719,"Muu vedel- ja gaaskütuse hulgimüük"
4672,"Metallide ja metallimaakide hulgimüük"
46721,"Metallide ja metallimaakide hulgimüük"
4673,"Puidu, ehitusmaterjalide ja sanitaarseadmete hulgimüük"
46731,"Puidu ja puidu esmatöötlustoodete hulgimüük"
46732,"Sanitaarseadmete jm ehitusmaterjalide hulgimüük"
4674,"Rauakaupade, veevarustus- ja kütteseadmete ning nende koosteosade hulgimüük"
46741,"Veevarustus- ja kütteseadmete ning nende koosteosade hulgimüük"
46749,"Tööriistade jm rauakaupade hulgimüük"
4675,"Keemiatoodete hulgimüük"
46751,"Väetiste ja agrokeemiatoodete hulgimüük"
46759,"Muude keemiatoodete hulgimüük"
4676,"Muude vahetoodete hulgimüük"
46761,"Muude vahetoodete hulgimüük"
4677,"Jäätmete ja jääkide hulgikaubandus"
46771,"Jäätmete ja jääkide hulgikaubandus, taara ja pakendite kokkuost"
469,"Spetsialiseerimata hulgikaubandus"
4690,"Spetsialiseerimata hulgikaubandus"
46901,"Spetsialiseerimata hulgikaubandus"
47,"Jaekaubandus, v.a mootorsõidukid ja mootorrattad"
471,"Jaemüük spetsialiseerimata kauplustes"
4711,"Jaemüük spetsialiseerimata kauplustes, kus on ülekaalus toidukaubad, joogid ja tubakatooted"
47111,"Jaemüük spetsialiseerimata kauplustes, kus on ülekaalus toidukaubad, joogid ja tubakatooted"
4719,"Jaemüük muudes spetsialiseerimata kauplustes"
47191,"Jaemüük muudes spetsialiseerimata kauplustes"
472,"Toidukaupade, jookide ja tubakatoodete jaemüük spetsialiseeritud kauplustes"
4721,"Puu- ja köögivilja jaemüük"
47211,"Puu- ja köögivilja jaemüük"
4722,"Liha ja lihatoodete jaemüük"
47221,"Liha ja lihatoodete jaemüük"
4723,"Kala, vähilaadsete ja limuste jaemüük"
47231,"Kala, vähilaadsete ja limuste jaemüük"
4724,"Leivatoodete, kookide, jahu- ja suhkrukondiitritoodete jaemüük"
47241,"Leivatoodete, kookide, jahu- ja suhkrukondiitritoodete jaemüük"
4725,"Jookide jaemüük"
47251,"Jookide jaemüük"
4726,"Tubakatoodete jaemüük"
47261,"Tubakatoodete jaemüük"
4729,"Muu toidukaupade jaemüük"
47291,"Muu toidukaupade jaemüük"
473,"Mootorikütuse jaemüük"
4730,"Mootorikütuse jaemüük"
47301,"Mootorikütuse jaemüük, sh tanklate tegevus"
474,"Info- ja sidetehnika jaemüük spetsialiseeritud kauplustes"
4741,"Arvutite, arvuti välisseadmete ja tarkvara jaemüük"
47411,"Arvutite, arvuti välisseadmete ja tarkvara jaemüük"
4742,"Telekommunikatsiooniseadmete jaemüük"
47421,"Telekommunikatsiooniseadmete jaemüük"
4743,"Heli- ja videoseadmete jaemüük"
47431,"Heli- ja videoseadmete jaemüük"
475,"Muude kodutarvete jaemüük spetsialiseeritud kauplustes"
4751,"Tekstiiltoodete jaemüük"
47511,"Tekstiiltoodete jaemüük"
4752,"Rauakaupade, värvide ja klaasi jaemüük"
47521,"Rauakaupade ja tööriistade jaemüük"
47522,"Veevarustus- ja sanitaarseadmete ning nende koosteosade jaemüük"
47529,"Muude ehitusmaterjalide ja -tarvete jaemüük"
4753,"Vaipade, mattide, seina- ja põrandakatete jaemüük"
47531,"Vaipade, mattide, seina- ja põrandakatete jaemüük"
4754,"Elektriliste kodumasinate jaemüük"
47541,"Elektriliste kodumasinate jaemüük"
4759,"Mööbli, valgustite ja mujal liigitamata kodutarvete jaemüük"
47591,"Mööbli ja valgustite jaemüük"
47599,"Muude mujal liigitamata kodutarvete jaemüük"
476,"Kultuuri- ja vaba aja kaupade jaemüük spetsialiseeritud kauplustes"
4761,"Raamatute jaemüük"
47611,"Raamatute jaemüük"
4762,"Ajalehtede ja kirjatarvete jaemüük"
47621,"Ajalehtede ja kirjatarvete jaemüük"
4763,"Muusika- ja videosalvestiste jaemüük"
47631,"Muusika- ja videosalvestiste jaemüük"
4764,"Sporditarvete jaemüük"
47641,"Sporditarvete jaemüük"
4765,"Mängude ja mänguasjade jaemüük"
47651,"Mängude ja mänguasjade jaemüük"
477,"Muude kaupade jaemüük spetsialiseeritud kauplustes"
4771,"Rõivaste jaemüük"
47711,"Rõivaste jaemüük"
4772,"Jalatsite ja nahktoodete jaemüük"
47721,"Jalatsite ja nahktoodete jaemüük"
4773,"Apteekide tegevus"
47731,"Apteekide tegevus"
4774,"Meditsiini- ja ortopeediakaupade jaemüük"
47741,"Meditsiini- ja ortopeediakaupade jaemüük"
4775,"Kosmeetika ja tualetitarvete jaemüük"
47751,"Kosmeetika ja tualetitarvete jaemüük"
4776,"Lillede, taimede, seemnete, väetiste, lemmikloomade ja lemmikloomatoidu jaemüük"
47761,"Lillede, taimede, seemnete, väetiste, lemmikloomade ja lemmikloomatoidu jaemüük"
47762,"Lemmikloomade ja -lindude ning nende toidu ja tarvete jaemüük"
4777,"Kellade ja ehete jaemüük"
47771,"Kellade ja ehete jaemüük"
4778,"Muude uute kaupade jaemüük spetsialiseeritud kauplustes"
47781,"Prillide jm optikakaupade jaemüük"
47782,"Fotokaupade jaemüük"
47783,"Meenete, kunstiesemete ja -tarvete jaemüük"
47789,"Mujal liigitamata kaupade jaemüük"
4779,"Kasutatud kaupade jaemüük kauplustes"
47791,"Antiikesemete jaemüük"
47792,"Kasutatud raamatute jaemüük"
47799,"Muude kasutatud kaupade jaemüük"
478,"Jaemüük kioskites ja turgudel"
4781,"Toidukaupade, jookide ja tubakatoodete jaemüük kioskites ja turgudel"
47811,"Toidukaupade, jookide ja tubakatoodete jaemüük kioskites ja turgudel"
4782,"Tekstiili, rõivaste ja jalatsite jaemüük kioskites ja turgudel"
47821,"Tekstiili, rõivaste ja jalatsite jaemüük kioskites ja turgudel"
4789,"Muude kaupade jaemüük kioskites ja turgudel"
47891,"Muude kaupade jaemüük kioskites ja turgudel"
479,"Jaemüük väljaspool kauplusi, kioskeid ja turge"
4791,"Jaemüük posti või interneti teel"
47911,"Jaemüük posti või interneti teel"
4799,"Muu jaemüük väljaspool kauplusi, kioskeid ja turge"
47991,"Muu jaemüük väljaspool kauplusi, kioskeid ja turge"
49,"Maismaaveondus ja torutransport"
491,"Sõitjate linnadevaheline raudteevedu"
4910,"Sõitjate linnadevaheline raudteevedu"
49101,"Sõitjate raudteevedu"
492,"Kauba raudteevedu"
4920,"Kauba raudteevedu"
49201,"Kauba raudteevedu"
493,"Sõitjate muu maismaavedu"
4931,"Sõitjate asulasisene ja linnalähitransport"
49311,"Sõitjate regulaarvedu trammi ja trollibussiga"
49319,"Sõitjate muu kohalik liinivedu"
4932,"Taksovedu"
49321,"Taksovedu"
4939,"Sõitjate muu mujal liigitamata maismaavedu"
49391,"Sõitjate maakondadevaheline ja rahvusvaheline liinivedu"
49399,"Sõitjate muu maismaavedu"
494,"Kaubavedu maanteel ja kolimisteenused"
4941,"Kaubavedu maanteel"
49411,"Kaubavedu maanteel"
4942,"Kolimisteenused"
49421,"Kolimisteenused"
495,"Torutransport"
4950,"Torutransport"
49501,"Torutransport"
50,"Veetransport"
501,"Sõitjatevedu merel ja rannavetes"
5010,"Sõitjatevedu merel ja rannavetes"
50101,"Sõitjatevedu merel ja rannavetes"
502,"Kaubavedu merel ja rannavetes"
5020,"Kaubavedu merel ja rannavetes"
50201,"Kaubavedu merel ja rannavetes"
50202,"Laevade pukseerimine jms"
503,"Sõitjatevedu sisevetel"
5030,"Sõitjatevedu sisevetel"
50301,"Sõitjatevedu sisevetel"
504,"Kaubavedu sisevetel"
5040,"Kaubavedu sisevetel"
50401,"Kaubavedu sisevetel"
51,"Õhutransport"
511,"Sõitjate õhutransport"
5110,"Sõitjate õhutransport"
51101,"Sõitjate õhutransport"
512,"Kauba õhutransport ja kosmosetransport"
5121,"Kauba õhutransport"
51211,"Kauba õhutransport"
5122,"Kosmosetransport"
51221,"Kosmosetransport"
52,"Laondus ja veondust abistavad tegevusalad"
521,"Laondus"
5210,"Laondus"
52101,"Kaubaladude töö"
52102,"Vedelike ja gaaside ladustamine"
522,"Veondust abistavad tegevusalad"
5221,"Maismaaveondust teenindavad tegevusalad"
52211,"Parklate tegevus"
52219,"Muud maismaaveondust teenindavad tegevusalad"
5222,"Veetransporti teenindavad tegevusalad"
52221,"Sadamate töö ja veeteede kasutamisega seotud tegevused"
52229,"Muud veetransporti teenindavad tegevusalad"
5223,"Õhutransporti teenindavad tegevusalad"
52231,"Lennuväljade ja lennujaama reisiterminalide töö"
52239,"Muud õhutransporti teenindavad tegevusalad"
5224,"Laadungikäitlus"
52241,"Laadungikäitlus"
5229,"Muud veondust abistavad tegevused"
52291,"Veoste ekspedeerimine"
52292,"Mere-lastiveo organiseerimine, laevade agenteerimine"
52293,"Tolliagentide tegevus"
52299,"Mujal liigitamata veondust abistavad tegevused"
53,"Posti- ja kulleriteenistus"
531,"Üldpostiteenistus"
5310,"Üldpostiteenistus"
53101,"Üldpostiteenus"
532,"Muu posti- ja kulleriteenistus"
5320,"Muu posti- ja kulleriteenistus"
53201,"Muu posti- ja kulleriteenus"
55,"Majutus"
551,"Hotellid ja muu sarnane majutus"
5510,"Hotellid ja muu sarnane majutus"
55101,"Hotellid"
55102,"Motellid jms majutus"
55103,"Külalistemajad"
552,"Puhkuse- ja muu lühiajaline majutus"
5520,"Puhkemajutus ja muu lühiajaline majutus"
55201,"Hostelid"
55202,"Puhkemaja"
55203,"Puhkeküla ja puhkelaager"
55204,"Külaliskorter"
55205,"Kodumajutus"
553,"Laagriplatsid, vagunelamute ja haagissuvilate parkimisplatsid"
5530,"Laagriplatsid, vagunelamute ja haagissuvilate parkimisplatsid"
55301,"Laagriplatsid, vagunelamute ja haagissuvilate parkimisplatsid"
559,"Muu majutus"
5590,"Muu majutus"
55901,"Muu majutus"
56,"Toidu ja joogi serveerimine"
561,"Restoranid ja liikuvad toitlustuskohad"
5610,"Restoranid ja liikuvad toitlustuskohad"
56101,"Restoranid jm toitlustuskohad"
562,"Toitlustamine üritustel jm toitlustamine"
5621,"Toitlustamine üritustel"
56211,"Toitlustamine üritustel"
5629,"Muu toitlustamine"
56291,"Muu toitlustamine"
563,"Jookide serveerimine"
5630,"Jookide serveerimine"
56301,"Jookide serveerimine"
58,"Kirjastamine"
581,"Raamatu-, perioodika- jm kirjastamine"
5811,"Raamatukirjastamine"
58111,"Raamatukirjastamine"
58112,"Õpikute, sõnaraamatute jm teatmeteoste kirjastamine"
5812,"Kataloogide ja aadressiraamatute kirjastamine"
58121,"Kataloogide ja aadressiraamatute kirjastamine"
5813,"Ajalehtede kirjastamine"
58131,"Ajalehtede kirjastamine"
5814,"Ajakirjade jm perioodika kirjastamine"
58141,"Ajakirjade jm perioodika kirjastamine"
5819,"Muu kirjastamine"
58191,"Muu kirjastamine"
582,"Tarkvara kirjastamine"
5821,"Arvutimängude kirjastamine"
58211,"Arvutimängude kirjastamine"
5829,"Muu tarkvara kirjastamine"
58291,"Muu tarkvara kirjastamine"
59,"Kinofilmide, videote ja telesaadete tootmine; helisalvestiste ja"
591,"Kinofilmide, videote ja telesaadetega seotud tegevusalad"
5911,"Kinofilmide, videote ja telesaadete tootmine"
59111,"Kinofilmide ja videote tootmine"
59112,"Telesaadete tootmine"
5912,"Kinofilmide, videote ja telesaadete tootmisjärgsed tegevusalad"
59121,"Kinofilmide, videote ja telesaadete tootmisjärgsed tegevusalad"
5913,"Kinofilmide, videote ja telesaadete levitamine"
59131,"Kinofilmide, videote ja telesaadete levitamine"
5914,"Kinofilmide linastamine"
59141,"Kinofilmide linastamine"
592,"Helisalvestiste ja muusika kirjastamine"
5920,"Helisalvestiste ja muusika kirjastamine"
59201,"Helisalvestiste ja muusika kirjastamine"
60,"Programmid ja ringhääling"
601,"Raadioringhääling"
6010,"Raadioringhääling"
60101,"Raadioringhääling"
602,"Teleprogrammid ja ringhääling"
6020,"Teleprogrammid ja ringhääling"
60201,"Teleringhääling"
60202,"Kaabel-, satelliit- ja muud abonentprogrammid"
61,"Telekommunikatsioon"
611,"Traatsideteenuste osutamine"
6110,"Traatsideteenuste osutamine"
61101,"Telefoniteenus"
61109,"Muu traatsideteenuse osutamine"
612,"Traadita sideteenuste osutamine"
6120,"Traadita sideteenuste osutamine"
61201,"Mobiilsideteenus"
61209,"Muu traadita sideteenuse osutamine (sh traadita internet)"
613,"Satelliitsideteenuste osutamine"
6130,"Satelliitsideteenuste osutamine"
61301,"Satelliitsideteenuste osutamine"
619,"Muu telekommunikatsioon"
6190,"Muu telekommunikatsioon"
61901,"Muu telekommunikatsioon"
62,"Programmeerimine, konsultatsioonid jms tegevused"
620,"Programmeerimine, konsultatsioonid jms tegevused"
6201,"Programmeerimine"
62011,"Programmeerimine"
6202,"Arvutialased konsultatsioonid"
62021,"Arvutialased konsultatsioonid"
6203,"Arvutisüsteemide ja andmebaaside haldus"
62031,"Arvutisüsteemide ja andmebaaside haldus"
6209,"Muud infotehnoloogia- ja arvutialased tegevused"
62091,"Muud infotehnoloogia- ja arvutialased tegevused"
63,"Infoalane tegevus"
631,"Andmetöötlus, veebihosting jms tegevused; veebiportaalide tegevus"
6311,"Andmetöötlus, veebihosting jms tegevused"
63111,"Andmetöötlus, veebihosting jms tegevused"
6312,"Veebiportaalide tegevus"
63121,"Veebiportaalide tegevus"
639,"Muu infoalane tegevus"
6391,"Uudisteagentuuride tegevus"
63911,"Uudisteagentuuride tegevus"
6399,"Mujal liigitamata infoalane tegevus"
63991,"Mujal liigitamata infoalane tegevus"
64,"Finantsteenuste osutamine, v.a kindlustus ja pensionifondid"
641,"Rahaloomega seotud finantsvahendus"
6411,"Keskpanga tegevus"
64111,"Keskpanga tegevus"
6419,"Muu rahaloomega seotud finantsvahendus"
64191,"Krediidiasutused (pangad)"
642,"Valdusfirmade tegevus"
6420,"Valdusfirmade tegevus"
64201,"Valdusfirmade tegevus"
643,"Investeerimine võlakirjadesse, väärtpaberitesse ja sarnastesse finantsvahenditesse"
6430,"Investeerimine võlakirjadesse, väärtpaberitesse ja sarnastesse finantsvahenditesse"
64301,"Investeerimine võlakirjadesse, väärtpaberitesse ja sarnastesse finantsvahenditesse"
649,"Muude finantsteenuste osutamine, v.a kindlustus ja pensionifondid"
6491,"Kapitalirent"
64911,"Kapitalirent"
6492,"Muu laenuandmine"
64921,"Pandimajad"
64929,"Muu laenuandmine, v.a pandimajad"
6499,"Muude mujal liigitamata finantsteenuste osutamine, v.a kindlustus ja pensionifondid"
64991,"Muude mujal liigitamata finantsteenuste osutamine, v.a kindlustus ja pensionifondid"
65,"Kindlustus, edasikindlustus ja pensionifondid, v.a kohustuslik"
651,"Kindlustus"
6511,"Elukindlustus"
65111,"Elukindlustus"
6512,"Kahjukindlustus"
65121,"Kahjukindlustus"
652,"Edasikindlustus"
6520,"Edasikindlustus"
65201,"Edasikindlustus"
653,"Pensionifondid"
6530,"Pensionifondid"
65301,"Pensionifondid"
66,"Finantsteenuste ja kindlustustegevuse abitegevusalad"
661,"Finantsteenuste ja kindlustustegevuse abitegevusalad, v.a kindlustus ja"
6611,"Finantsturgude haldamine"
66111,"Finantsturgude haldamine"
6612,"Väärtpaberi- ja kaubalepingute maaklerlus"
66121,"Väärtpaberite ja kaubalepingute maaklerlus"
66129,"Valuutavahetus"
6619,"Muud finantsteenuste abitegevusalad, v.a kindlustus ja pensionifondid"
66191,"Finantsnõustamine"
66199,"Muud mujal liigitamata finantsteenuste abitegevusalad"
662,"Kindlustuse ja pensionifondide abitegevusalad"
6621,"Riskide ja kahju hindamine"
66211,"Riskide ja kahju hindamine"
6622,"Kindlustusagentide ja -vahendajate tegevus"
66221,"Kindlustusagentide ja -vahendajate tegevus"
6629,"Muud kindlustuse ja pensionifondide abitegevusalad"
66291,"Muud kindlustuse ja pensionifondide abitegevusalad"
663,"Fondide valitsemine"
6630,"Fondide valitsemine"
66301,"Fondide valitsemine"
68,"Kinnisvaraalane tegevus"
681,"Enda kinnisvara ost ja müük"
6810,"Enda kinnisvara ost ja müük"
68101,"Enda kinnisvara ost ja müük"
682,"Enda või renditud kinnisvara üürileandmine ja käitus"
6820,"Enda või renditud kinnisvara üürileandmine ja käitus"
68201,"Enda või renditud kinnisvara üürileandmine ja käitus"
683,"Kinnisvaraalane tegevus tasu eest või lepingu alusel"
6831,"Kinnisvarabüroode tegevus"
68311,"Kinnisvarabüroode tegevus"
6832,"Kinnisvara haldus tasu eest või lepingu alusel"
68321,"Hoonete ja üürimajade haldus (korteriühistud, elamuühistud, hooneühistud jms)"
68322,"Aiandus- ja suvilaühistute jms haldus"
68329,"Muu kinnisvarahaldus või haldusega seotud tegevused"
69,"Juriidilised toimingud ja arvepidamine"
691,"Juriidilised toimingud"
6910,"Juriidilised toimingud"
69101,"Advokaatide ja advokaadibüroode tegevus"
69102,"Õigusnõustajate ja õigusbüroode tegevus"
69103,"Notarite tegevus"
69109,"Muud juriidilised toimingud"
692,"Arvepidamine, raamatupidamine ja auditeerimine; maksualane nõustamine"
6920,"Arvepidamine, raamatupidamine ja auditeerimine; maksualane nõustamine"
69201,"Auditeerimine"
69202,"Raamatupidamine, maksualane nõustamine"
70,"Peakontorite tegevus; juhtimisalane nõustamine"
701,"Peakontorite tegevus"
7010,"Peakontorite tegevus"
70101,"Peakontorite tegevus"
702,"Juhtimisalane nõustamine"
7021,"Suhtekorraldus ja teabevahetus"
70211,"Suhtekorraldus ja teabevahetus"
7022,"Äri- ja muu juhtimisalane nõustamine"
70221,"Äri- ja muu juhtimisalane nõustamine"
71,"Arhitekti- ja inseneritegevused; teimimine ja analüüs"
711,"Arhitekti- ja inseneritegevused ning nendega seotud tehniline nõustamine"
7111,"Arhitektitegevused"
71111,"Arhitektitegevused"
7112,"Inseneritegevused ning nendega seotud tehniline nõustamine"
71121,"Ehituslik insener-tehniline projekteerimine ja nõustamine"
71122,"Ehitusgeoloogilised ja -geodeetilised uurimistööd"
71129,"Muud insener-tehnilised tegevusalad"
712,"Teimimine ja analüüs"
7120,"Teimimine ja analüüs"
71201,"Autode tehniline ülevaatus"
71209,"Muu teimimine ja analüüs"
72,"Teadus- ja arendustegevus"
721,"Teadus- ja arendustegevus loodus- ja tehnikateaduste vallas"
7211,"Teadus- ja arendustegevus biotehnoloogia vallas"
72111,"Teadus- ja arendustegevus biotehnoloogia vallas"
7219,"Teadus- ja arendustegevus muude loodus- ja tehnikateaduste vallas"
72191,"Teadus- ja arendustegevus muude loodus- ja tehnikateaduste vallas"
722,"Teadus- ja arendustegevus sotsiaal- ja humanitaarteaduste vallas"
7220,"Teadus- ja arendustegevus sotsiaal- ja humanitaarteaduste vallas"
72201,"Teadus- ja arendustegevus sotsiaal- ja humanitaarteaduste vallas"
73,"Reklaamindus ja turu-uuringud"
731,"Reklaamindus"
7311,"Reklaamiagentuurid"
73111,"Reklaamiagentuurid"
7312,"Reklaami vahendamine meedias"
73121,"Reklaami vahendamine meedias"
732,"Turu-uuringud ja avaliku arvamuse küsitlused"
7320,"Turu-uuringud ja avaliku arvamuse küsitlused"
73201,"Turu-uuringud ja avaliku arvamuse küsitlused"
74,"Muu kutse-, teadus- ja tehnikaalane tegevus"
741,"Disainerite tegevus"
7410,"Disainerite tegevus"
74101,"Disainerite tegevus"
742,"Fotograafia"
7420,"Fotograafia"
74201,"Fotograafia"
743,"Kirjalik ja suuline tõlge"
7430,"Kirjalik ja suuline tõlge"
74301,"Kirjalik ja suuline tõlge"
749,"Muu mujal liigitamata kutse-, teadus- ja tehnikaalane tegevus"
7490,"Muu mujal liigitamata kutse-, teadus- ja tehnikaalane tegevus"
74901,"Muu mujal liigitamata kutse-, teadus- ja tehnikaalane tegevus"
75,"Veterinaaria"
750,"Veterinaaria"
7500,"Veterinaaria"
75001,"Veterinaaria"
77,"Rentimine ja kasutusrent"
771,"Mootorsõidukite rentimine ja kasutusrent"
7711,"Sõiduautode ja väikebusside (täismassiga alla 3,5 t) rentimine ja kasutusrent"
77111,"Sõiduautode ja väikebusside (täismassiga alla 3,5 t) rentimine ja kasutusrent"
7712,"Veokite rentimine ja kasutusrent"
77121,"Veokite rentimine ja kasutusrent"
772,"Tarbeesemete ja kodumasinate väljaüürimine ja kasutusrent"
7721,"Vabaaja- ja sporditarvete väljaüürimine ja kasutusrent"
77211,"Vabaaja- ja sporditarvete väljaüürimine ja kasutusrent"
7722,"Videokassettide ja dvd-de laenutamine"
77221,"Videokassettide ja dvd-de laenutamine"
7729,"Muude tarbeesemete ja kodumasinate väljaüürimine ja kasutusrent"
77291,"Muude tarbeesemete ja kodumasinate väljaüürimine ja kasutusrent"
773,"Muude masinate, seadmete ja materiaalse vara rentimine ja kasutusrent"
7731,"Põllumajandusmasinate ja -seadmete rentimine ja kasutusrent"
77311,"Põllumajandusmasinate ja -seadmete rentimine ja kasutusrent"
7732,"Ehitusmasinate ja -seadmete rentimine ja kasutusrent"
77321,"Ehitusmasinate ja -seadmete rentimine ja kasutusrent"
7733,"Kontorimasinate ja -seadmete rentimine ja kasutusrent, k.a arvutid"
77331,"Kontorimasinate ja -seadmete rentimine ja kasutusrent, k.a arvutid"
7734,"Veetranspordivahendite rentimine ja kasutusrent"
77341,"Veetranspordivahendite rentimine ja kasutusrent"
7735,"Õhutranspordivahendite rentimine ja kasutusrent"
77351,"Õhutranspordivahendite rentimine ja kasutusrent"
7739,"Mujal liigitamata masinate, seadmete jm materiaalse vara rentimine ja kasutusrent"
77391,"Raudteeveeremi rentimine"
77399,"Muu mujal liigitamata masinate, seadmete jm materiaalse vara rentimine ja kasutusrent"
774,"Intellektuaalomandi ja sarnaste toodete (v.a autoriõigusega tööd) rentimine"
7740,"Intellektuaalomandi ja sarnaste toodete (v.a autoriõigusega tööd) rentimine"
77401,"Intellektuaalomandi ja sarnaste toodete (v.a autoriõigusega tööd) rentimine"
78,"Tööhõive"
781,"Tööhõiveagentuuride tegevus"
7810,"Tööhõiveagentuuride tegevus"
78101,"Tööhõiveagentuuride tegevus"
782,"Ajutise tööjõu rent"
7820,"Ajutise tööjõu rent"
78201,"Ajutise tööjõu rent"
783,"Muu inimressursiga varustamine"
7830,"Muu inimressursiga varustamine"
78301,"Muu inimressursiga varustamine"
79,"Reisibüroode ja reisikorraldajate tegevus, reserveerimine ning"
791,"Reisibüroode ja reisikorraldajate tegevus"
7911,"Reisibüroode tegevus"
79111,"Reisibüroode tegevus"
7912,"Reisikorraldajate tegevus"
79121,"Reisikorraldajate tegevus"
799,"Muu reserveerimine ja sellega seotud tegevused"
7990,"Muu reserveerimine ja sellega seotud tegevused"
79901,"Muu reisimisega seotud reserveerimine, sh giidide, piletiagentuuride ja turismiinfopunktide tegevus"
80,"Turvatöö ja juurdlus"
801,"Turvatöö, v.a avalik korrakaitse"
8010,"Turvatöö, v.a avalik korrakaitse"
80101,"Turvatöö, v.a avalik korrakaitse"
802,"Turvasüsteemide käitus"
8020,"Turvasüsteemide käitus"
80201,"Turvasüsteemide käitus"
803,"Juurdlus"
8030,"Juurdlus"
80301,"Juurdlus"
81,"Hoonete ja maastike hooldus"
811,"Hoonehalduse abitegevused"
8110,"Hoonehalduse abitegevused"
81101,"Hoonehalduse abitegevused"
812,"Puhastustegevus"
8121,"Hoonete üldpuhastus"
81211,"Hoonete üldpuhastus"
8122,"Hoonete muu puhastus ja tööstuslik puhastustegevus"
81221,"Hoonete muu puhastus ja tööstuslik puhastustegevus"
8129,"Muu puhastustegevus"
81291,"Muu puhastustegevus"
813,"Maastiku hooldus ja korrashoid"
8130,"Maastiku hooldus ja korrashoid"
81301,"Maastiku hooldus ja korrashoid"
82,"Büroohaldus, büroode ja muu äritegevuse abitegevused"
821,"Büroohaldus ja selle abitegevused"
8211,"Büroohaldus"
82111,"Büroohaldus, kombineeritud sekretäriteenus"
8219,"Valguskoopiad, dokumentide koostamine ja muud büroo abitegevused"
82191,"Valguskoopiad, dokumentide koostamine ja muud büroo abitegevused"
822,"Kõnekeskuste tegevus"
8220,"Kõnekeskuste tegevus"
82201,"Kõnekeskuste tegevus, telemarketing"
823,"Nõupidamiste ja messide korraldamine"
8230,"Nõupidamiste ja messide korraldamine"
82301,"Nõupidamiste ja messide korraldamine"
829,"Mujal liigitamata äritegevust abistavad tegevused"
8291,"Inkassoteenus ja krediidiinfo"
82911,"Inkassoteenus ja krediidiinfo"
8292,"Pakendamine"
82921,"Pakendamine"
8299,"Muud mujal liigitamata äritegevust abistavad tegevused"
82991,"Muud mujal liigitamata äritegevust abistavad tegevused"
84,"Avalik haldus ja riigikaitse; kohustuslik sotsiaalkindlustus"
841,"Avalik haldus ning majandus- ja sotsiaalpoliitika juhtimine"
8411,"Üldine avalik haldus"
84111,"Täitev- ja seadusandlike organite tegevus"
84112,"Rahandus- ja fiskaalpoliitikaga seotud tegevused"
84113,"Majanduse ja sotsiaalse üldplaneerimisega ning statistikaga seotud tegevused"
84114,"Valla- ja linnavalitsuste tegevused"
84119,"Mujal liigitamata riigi haldustegevus"
8412,"Tervishoiu-, haridus-, kultuuri- ja muude sotsiaalteenuste, v.a sotsiaalkindlustust pakkuvate asutuste"
84121,"Hariduse haldus"
84122,"Tervishoiu ja sotsiaalelu haldus"
84123,"Elamu- ja kommunaalmajanduse haldus"
84124,"Vaba aja tegevuse, kultuuri ja religiooni haldus"
84125,"Keskkonnakaitse haldus"
8413,"Majandustegevuse korraldamine ja tõhustamine"
84131,"Põllumajanduse, metsanduse, maakasutuse, kalanduse ja jahinduse haldus"
84132,"Transpordi ja side haldus"
84139,"Muud majandustegevust toetavad tegevused"
842,"Ühiskonna kui terviku teenindamine"
8421,"Välissuhted"
84211,"Välissuhted"
8422,"Riigikaitse"
84221,"Riigikaitse"
8423,"Õiguskaitse ja kohtud"
84231,"Kohtute tegevus ja haldus"
84232,"Vanglate ja parandusasutuste haldus"
84239,"Muud õiguskaitse ja kohtutega seotud tegevused, prokuratuuri tegevus"
8424,"Avalik korrakaitse ja julgeolekuteenistused"
84241,"Politsei tegevus ja selle juhtimine"
84242,"Piiri- ja rannavalveteenistused"
84249,"Muud avaliku julgeoleku ja korrakaitsega seotud tegevused"
8425,"Tuletõrje- ja päästeteenistus"
84251,"Tuletõrje- ja päästeteenistused, vetelpääste, häirekeskused"
843,"Kohustuslik sotsiaalkindlustus"
8430,"Kohustuslik sotsiaalkindlustus"
84301,"Kohustuslik sotsiaalkindlustus"
85,"Haridus"
851,"Eelharidus"
8510,"Eelharidus"
85101,"Lastesõimede tegevus"
85102,"Lasteaedade tegevus"
852,"Esimese taseme haridus"
8520,"Esimese taseme haridus"
85201,"Lasteaed-algkoolide tegevus"
85202,"Algkoolide tegevus"
853,"Teise taseme haridus"
8531,"Teise taseme üldharidus"
85311,"Lasteaed-põhikoolide tegevus"
85312,"Põhikoolide tegevus"
85313,"Gümnaasiumide tegevus"
8532,"Teise taseme kutse- ja tehnikaharidus"
85321,"Kutseõppeasutuste tegevus"
854,"Kolmanda taseme haridus"
8541,"Rakenduskõrgharidus"
85411,"Rakenduskõrgkoolide tegevus"
8542,"Akadeemiline kõrgharidus"
85421,"Ülikoolide tegevus"
855,"Muu koolitus"
8551,"Spordikoolid"
85511,"Spordikoolid"
85519,"Muu spordi- ja vabaajakoolitus"
8552,"Huvikoolitus"
85521,"Muusika- ja kunstikoolitus"
85522,"Tantsukoolide tegevus"
85529,"Muu huvikoolitus"
8553,"Sõiduõpe"
85531,"Sõiduõpe"
8559,"Mujal liigitamata koolitus"
85591,"Keeleõpe"
85592,"Arvutiõpe"
85599,"Muu mujal liigitamata koolitus"
856,"Haridust abistavad tegevused"
8560,"Haridust abistavad tegevused"
85601,"Haridust abistavad tegevused"
86,"Tervishoid"
861,"Haiglaravi"
8610,"Haiglaravi"
86101,"Haiglaraviteenused"
862,"Arstiabi ja hambaravi"
8621,"Üldarstiabi"
86211,"Üldarstiabi osutamine"
8622,"Eriarstiabi"
86221,"Eriarstiabi osutamine"
8623,"Hambaravi"
86231,"Hambaravi osutamine"
869,"Muud tervishoiualad"
8690,"Muud tervishoiualad"
86901,"Kiirabi ja parameedikute tegevus"
86902,"Meditsiinilaborite, vere-, sperma- jms pankade tegevus"
86903,"Õendusabi osutamine"
86904,"Ämmaemandate tegevus"
86905,"Sanatooriumide tegevus"
86906,"Diagnostikakabinettide ja -keskuste tegevus, nt röntgenlaborid, magnetresonants- jms kabinetid"
86909,"Mujal liigitamata tervishoiualad"
87,"Hoolekandeasutuste tegevus"
871,"Hooldusraviasutuste tegevus"
8710,"Hooldusraviasutuste tegevus"
87101,"Hooldusraviasutuste tegevus"
872,"Vaimupuudega ja psüühiliste erivajadustega isikute ning ainesõltlaste"
8720,"Vaimupuudega ja psüühiliste erivajadustega isikute ning ainesõltlaste hoolekandeasutuste"
87201,"Vaimupuudega ja psüühiliste erivajadustega isikute hoolekandeasutuste tegevus"
87202,"Ainesõltlaste hoolekandeasutuste tegevus"
873,"Vanurite ja puuetega inimeste hoolekandeasutuste tegevus"
8730,"Vanurite ja puuetega inimeste hoolekandeasutuste tegevus"
87301,"Vanurite ja puuetega inimeste hoolekandeasutuste tegevus"
879,"Muu hoolekandeasutuste tegevus"
8790,"Muu hoolekandeasutuste tegevus"
87901,"Asenduskoduteenust osutavate hoolekandeasutuste tegevus"
87909,"Muude mujal liigitamata hoolekandeasutuste tegevus"
88,"Sotsiaalhoolekanne majutuseta"
881,"Vanurite ja puuetega inimeste sotsiaalhoolekanne majutuseta"
8810,"Vanurite ja puuetega inimeste sotsiaalhoolekanne majutuseta"
88101,"Vanurite ja puuetega inimeste sotsiaalhoolekanne majutuseta"
889,"Muu sotsiaalhoolekanne majutuseta"
8891,"Lapsehoiuteenus"
88911,"Lapsehoiuteenus"
8899,"Mujal liigitamata sotsiaalhoolekanne majutuseta"
88991,"Mujal liigitamata sotsiaalhoolekanne majutuseta"
90,"Loome-, kunsti- ja meelelahutustegevus"
900,"Loome-, kunsti- ja meelelahutustegevus"
9001,"Lavakunst"
90011,"Teatri- ja tantsuetenduste lavastamine ja esitamine"
90012,"Kontsertide lavastamine ja esitamine, muusikaline loometegevus"
9002,"Lavakunsti abitegevused"
90021,"Lavakunsti abitegevused"
9003,"Kunstialane loometegevus"
90031,"Kunstialane loometegevus"
9004,"Teatri-, kontserdi- jms hoonete käitus"
90041,"Teatri-, kontserdi- jms hoonete käitus"
91,"Raamatukogude, arhiivide, muuseumide ja muude kultuuriasutuste"
910,"Raamatukogude, arhiivide, muuseumide ja muude kultuuriasutuste tegevus"
9101,"Raamatukogude ja arhiivide tegevus"
91011,"Raamatukogude tegevus"
91012,"Arhiivide tegevus"
9102,"Muuseumide tegevus"
91021,"Muuseumide tegevus"
9103,"Ajalooliste kohtade ja ehitiste jms vaatamisväärsuste käitus"
91031,"Ajalooliste kohtade ja ehitiste jms vaatamisväärsuste käitus"
9104,"Botaanika- ja loomaaedade ning looduskaitsealade tegevus"
91041,"Botaanika- ja loomaaedade ning looduskaitsealade tegevus"
91042,"Kaitsealade tegevus"
92,"Hasartmängude ja kihlvedude korraldamine"
920,"Hasartmängude ja kihlvedude korraldamine"
9200,"Hasartmängude ja kihlvedude korraldamine"
92001,"Hasartmängude ja kihlvedude korraldamine"
93,"Sporditegevus ning lõbustus- ja vaba aja tegevused"
931,"Sporditegevus"
9311,"Spordirajatiste käitus"
93111,"Spordirajatiste käitus"
9312,"Spordiklubide tegevus"
93121,"Spordiklubide tegevus"
93122,"Invaspordiklubide tegevus"
9313,"Aeroobika- ja jõusaalide tegevus"
93131,"Aeroobika- ja jõusaalide tegevus"
9319,"Muu sporditegevus"
93191,"Spordi alaliitude, spordiliitude ja spordiühenduste tegevus"
93192,"Sportlik ja meelelahutuslik jahipidamine ja kalapüük"
93199,"Mujal liigitamata sporditegevus"
932,"Lõbustus- ja vaba aja tegevused"
9321,"Lõbustusparkide ja temaatiliste lõbustusparkide tegevus"
93211,"Lõbustusparkide ja temaatiliste lõbustusparkide tegevus"
9329,"Muud lõbustus- ja vaba aja tegevused"
93291,"Kultuurikeskused ja rahvamajad"
93299,"Muud mujal liigitamata lõbustus- ja vaba aja tegevused"
94,"Organisatsioonide tegevus"
941,"Ettevõtjate, tööandjate ja kutseorganisatsioonide tegevus"
9411,"Ettevõtjate ja tööandjate organisatsioonide tegevus"
94111,"Põllumajandusseltsid ja -liidud, aiandus- ja mesindusseltsid, metsaseltsid ja -liidud"
94119,"Muude ettevõtjate ja tööandjate organisatsioonide tegevus"
9412,"Kutseorganisatsioonide tegevus"
94121,"Loomeliitude tegevus"
94129,"Muude kutseorganisatsioonide tegevus"
942,"Ametiühingute tegevus"
9420,"Ametiühingute tegevus"
94201,"Ametiühingute tegevus"
949,"Muude organisatsioonide tegevus"
9491,"Usuorganisatsioonide tegevus"
94911,"Kirikute, koguduste ja kloostrite tegevus"
94919,"Muude usuorganisatsioonide tegevus"
9492,"Poliitiliste organisatsioonide tegevus"
94921,"Erakondade tegevus"
94929,"Muude poliitiliste organisatsioonide tegevus"
9499,"Mujal liigitamata organisatsioonide tegevus"
94991,"Kodanikuõiguste kaitse ja eestkoste; teatud elanikegrupi huvide kaitse"
94992,"Piirkondlikku/kohalikku elu edendavad ja toetavad ühendused ja fondid"
94993,"Noorte- ja lasteühendused ning noorte ja laste heaolu edendavad ühendused"
94994,"Rahvusvähemuste ühendused ja kultuuriseltsid, rahvusvahelist austust ja sõprust edendavad"
94995,"Vaba aja veetmise, meelelahutuse ja kultuurilise tegevusega seotud ühendused ning huviala-"
94996,"Keskkonna- ja looduskaitseühendused"
94997,"Tervisehäiretega isikute ühendused ja nende liidud; puuetega inimeste ühendused ja nende liidud,"
94999,"Muude mujal liigitamata organisatsioonide tegevus"
95,"Arvutite ning tarbeesemete ja kodutarvete parandus"
951,"Arvutite ja sideseadmete parandus"
9511,"Arvutite ja arvuti välisseadmete parandus"
95111,"Arvutite ja arvuti välisseadmete parandus"
9512,"Sideseadmete parandus"
95121,"Sideseadmete parandus"
9521,"Tarbeelektroonika parandus"
95211,"Tarbeelektroonika parandus"
9522,"Kodumasinate ning majapidamis- ja aiatööriistade parandus"
95221,"Kodumasinate ning majapidamis- ja aiatööriistade parandus"
9523,"Jalatsite ja nahktoodete parandus"
95231,"Jalatsite ja nahktoodete parandus"
9524,"Mööbli ja sisustusesemete parandus"
95241,"Mööbli ja sisutusesemete parandus"
9525,"Kellade ja ehete parandus"
95251,"Kellade ja ehete parandus"
9529,"Muude tarbeesemete ja kodutarvete parandus"
95291,"Muude tarbeesemete ja kodutarvete parandus"
96,"Muu teenindus"
960,"Muu teenindus"
9601,"Tekstiil- ja karusnahatoodete pesu ja keemiline puhastus"
96011,"Tekstiil- ja karusnahatoodete pesu ja keemiline puhastus"
9602,"Juuksuri- ja muu iluteenindus"
96021,"Juuksuri ja muu iluteenindus"
9603,"Matuseteenindus"
96031,"Matusetalituste korraldamine"
96032,"Kalmistute ja krematooriumite tegevus"
9604,"Füüsilise heaoluga seotud teenindus"
96041,"Saunade, solaariumite ja massažisalongide tegevus jm füüsilise heaoluga seotud teenindus"
9609,"Muu mujal liigitamata teenindus"
96091,"Lemmikloomade hooldamine"
96099,"Muu teenindus"
97,"Kodumajapidamised majapidamispersonali tööandjana"
970,"Kodumajapidamised majapidamispersonali tööandjana"
9700,"Kodumajapidamised majapidamispersonali tööandjana"
97001,"Kodumajapidamised majapidamispersonali tööandjana"
98,"Kodumajapidamiste oma tarbeks mõeldud eristamata kaupade"
981,"Kodumajapidamiste oma tarbeks mõeldud eristamata kaupade tootmine"
9810,"Kodumajapidamiste oma tarbeks mõeldud eristamata kaupade tootmine"
98101,"Kodumajapidamiste oma tarbeks mõeldud eristamata kaupade tootmine"
982,"Kodumajapidamiste oma tarbeks mõeldud eristamata teenuste osutamine"
9820,"Kodumajapidamiste oma tarbeks mõeldud eristamata teenuste osutamine"
98201,"Kodumajapidamiste oma tarbeks mõeldud eristamata teenuste osutamine"
99,"Eksterritoriaalsete organisatsioonide ja üksuste tegevus"
990,"Eksterritoriaalsete organisatsioonide ja üksuste tegevus"
9900,"Eksterritoriaalsete organisatsioonide ja üksuste tegevus"
99001,"Eksterritoriaalsete organisatsioonide ja üksuste tegevus"
